Region,Year,Murder,Theft,Kidnapping,Assault,Robbery,Burglary,Total
All India,2000,34228,224185,20025,258696,18505,94226,1646327
All India,2001,35655,233527,20860,269476,19277,98153,1714924
All India,2002,34759,230837,20527,263174,18262,94101,1731193
All India,2003,32231,229693,18836,259736,17071,90929,1668716
All India,2004,33127,254051,22118,275088,17997,90615,1778387
All India,2005,32264,255156,21242,269047,17163,88015,1766537
All India,2006,32005,256856,22549,262930,17915,89716,1820330
All India,2007,31823,268006,25873,271331,18579,89163,1933608
All India,2008,32212,297894,28694,283033,19981,91816,2044029
All India,2009,31817,302464,31324,277276,21894,90337,2071094
All India,2010,32770,307224,35232,287097,22794,88677,2173539
All India,2011,33762,317901,40897,300901,24138,91085,2272222
All India,2012,33913,315375,43622,330577,26735,91177,2332901
All India,2013,33201,372622,65461,334669,31927,104401,2647722
All India,2014,34134,442464,78412,105560,38090,114667,2858939
All India,2015,34963,450902,78512,108733,38306,113751,2861561
All India,2016,34765,465739,79641,113820,39163,114994,2884519
All India,2017,35796,477441,80635,113093,40073,115912,3023798
All India,2018,37349,486264,84378,112238,40134,118828,3071806
All India,2019,38103,482694,84782,115394,40165,124150,3170789
All India,2020,38875,480170,86496,119988,40883,124214,3180546
All India,2021,39799,498434,89579,125737,41372,125927,3325121
All India,2022,39441,507281,93758,128946,41216,125567,3478104
All India,2023,39993,522523,92952,130101,41109,129320,3454730
All India,2024,40744,521481,93529,130604,40785,129690,3492900
All India,2025,42690,516269,93603,130477,42517,129984,3663202
Andaman & Nicobar Islands,2000,12,62,1,113,3,61,631
Andaman & Nicobar Islands,2001,13,65,2,118,4,64,658
Andaman & Nicobar Islands,2002,17,49,2,97,7,49,608
Andaman & Nicobar Islands,2003,21,60,2,110,7,56,644
Andaman & Nicobar Islands,2004,15,103,3,105,3,69,748
Andaman & Nicobar Islands,2005,14,92,2,79,4,68,682
Andaman & Nicobar Islands,2006,4,101,5,78,5,82,676
Andaman & Nicobar Islands,2007,15,112,12,99,9,90,807
Andaman & Nicobar Islands,2008,8,128,17,107,14,78,882
Andaman & Nicobar Islands,2009,15,134,16,89,11,86,941
Andaman & Nicobar Islands,2010,9,121,10,80,7,80,980
Andaman & Nicobar Islands,2011,14,88,15,81,1,99,793
Andaman & Nicobar Islands,2012,15,71,8,62,2,71,683
Andaman & Nicobar Islands,2013,6,37,14,55,1,42,612
Andaman & Nicobar Islands,2014,8,45,22,29,2,64,746
Andaman & Nicobar Islands,2015,8,46,22,29,2,64,775
Andaman & Nicobar Islands,2016,8,45,21,28,2,65,777
Andaman & Nicobar Islands,2017,8,44,22,29,2,67,807
Andaman & Nicobar Islands,2018,7,44,22,30,1,70,825
Andaman & Nicobar Islands,2019,7,44,22,31,0,72,861
Andaman & Nicobar Islands,2020,7,45,22,31,0,74,871
Andaman & Nicobar Islands,2021,7,46,22,30,0,74,863
Andaman & Nicobar Islands,2022,7,47,22,29,0,74,886
Andaman & Nicobar Islands,2023,7,47,22,28,0,74,884
Andaman & Nicobar Islands,2024,7,48,22,28,0,75,913
Andaman & Nicobar Islands,2025,7,49,22,28,0,75,956
Andhra Pradesh,2000,2497,16080,1134,33549,603,6931,124885
Andhra Pradesh,2001,2602,16751,1182,34947,629,7220,130089
Andhra Pradesh,2002,2525,19222,1302,39839,648,7628,143610
Andhra Pradesh,2003,2667,23408,1485,41545,660,9050,156951
Andhra Pradesh,2004,2579,23578,1526,43335,596,8457,158756
Andhra Pradesh,2005,2750,23778,1612,42179,794,7954,157123
Andhra Pradesh,2006,2766,23510,2030,47946,679,8304,173909
Andhra Pradesh,2007,2665,24391,2097,46122,614,7677,175087
Andhra Pradesh,2008,2690,25362,1970,48167,623,8332,179275
Andhra Pradesh,2009,2449,24692,1958,44488,544,7772,180441
Andhra Pradesh,2010,2538,26756,2053,46777,550,8200,181438
Andhra Pradesh,2011,2808,28267,2154,54452,600,8300,189780
Andhra Pradesh,2012,2717,27475,1870,56768,668,8442,192522
Andhra Pradesh,2013,2484,31032,2119,60488,709,9820,218015
Andhra Pradesh,2014,1175,15617,1066,597,433,4719,114604
Andhra Pradesh,2015,1210,15551,1095,624,446,4690,115429
Andhra Pradesh,2016,1212,15455,1108,654,463,4862,115408
Andhra Pradesh,2017,1214,15429,1099,668,468,4864,115636
Andhra Pradesh,2018,1264,15691,1148,663,476,4838,118427
Andhra Pradesh,2019,1315,16335,1170,669,488,4898,122075
Andhra Pradesh,2020,1331,16927,1158,679,488,5086,123662
Andhra Pradesh,2021,1342,16870,1207,676,497,5041,126106
Andhra Pradesh,2022,1365,17318,1223,683,516,5080,126038
Andhra Pradesh,2023,1376,17169,1253,690,517,5204,125537
Andhra Pradesh,2024,1421,17157,1286,712,534,5318,127465
Andhra Pradesh,2025,1427,17390,1290,741,554,5518,133648
Arunachal Pradesh,2000,79,425,79,447,80,238,2248
Arunachal Pradesh,2001,83,443,83,466,84,248,2342
Arunachal Pradesh,2002,61,395,57,401,96,249,2228
Arunachal Pradesh,2003,77,370,68,427,60,253,2061
Arunachal Pradesh,2004,67,388,65,429,45,215,2256
Arunachal Pradesh,2005,81,531,58,383,77,263,2304
Arunachal Pradesh,2006,60,451,75,415,74,257,2294
Arunachal Pradesh,2007,68,513,68,375,75,240,2286
Arunachal Pradesh,2008,72,445,79,479,79,245,2374
Arunachal Pradesh,2009,59,381,62,526,55,201,2362
Arunachal Pradesh,2010,75,445,67,439,69,211,2439
Arunachal Pradesh,2011,65,414,93,379,64,183,2286
Arunachal Pradesh,2012,73,402,82,438,65,215,2420
Arunachal Pradesh,2013,69,514,142,498,75,196,2776
Arunachal Pradesh,2014,86,498,146,247,61,224,2843
Arunachal Pradesh,2015,85,511,146,258,61,221,2974
Arunachal Pradesh,2016,85,525,151,265,60,221,2979
Arunachal Pradesh,2017,85,533,157,267,59,222,3052
Arunachal Pradesh,2018,86,557,163,269,59,231,3129
Arunachal Pradesh,2019,85,579,166,276,61,231,3147
Arunachal Pradesh,2020,85,597,171,284,63,234,3284
Arunachal Pradesh,2021,86,602,178,296,65,242,3302
Arunachal Pradesh,2022,85,607,181,293,67,243,3460
Arunachal Pradesh,2023,88,616,182,295,68,246,3447
Arunachal Pradesh,2024,87,639,182,293,67,246,3593
Arunachal Pradesh,2025,90,640,190,299,66,255,3735
Assam,2000,1301,5152,1420,5572,659,2326,35401
Assam,2001,1356,5367,1480,5805,687,2423,36877
Assam,2002,1253,5555,1595,4764,607,2504,36346
Assam,2003,1191,5525,1628,4952,523,2606,38195
Assam,2004,1214,5866,1906,5911,505,2544,40675
Assam,2005,1194,6369,1751,5906,451,2255,42006
Assam,2006,1207,7820,1825,5290,544,2911,43673
Assam,2007,1374,7754,1971,5175,496,2603,45282
Assam,2008,1426,8012,2239,6107,568,3147,53333
Assam,2009,1323,7644,2718,6547,680,3149,55313
Assam,2010,1223,7860,3250,5744,662,3458,61668
Assam,2011,1303,8309,3764,6306,837,3327,66714
Assam,2012,1368,9394,3812,6676,907,3825,77682
Assam,2013,1354,10515,4801,8171,923,4291,87186
Assam,2014,1451,12737,4823,7583,1038,4954,94337
Assam,2015,1473,13179,4995,7520,1050,5126,99029
Assam,2016,1471,13144,5014,7692,1051,5199,99468
Assam,2017,1486,13639,5063,7822,1056,5428,101178
Assam,2018,1502,13530,5174,8122,1105,5452,102348
Assam,2019,1520,13935,5269,8240,1127,5405,102453
Assam,2020,1578,14123,5239,8352,1174,5457,102261
Assam,2021,1578,14462,5199,8505,1187,5593,105835
Assam,2022,1655,14690,5380,8692,1188,5811,105401
Assam,2023,1734,15067,5490,8978,1233,6040,108135
Assam,2024,1780,15421,5747,9230,1223,6096,107802
Assam,2025,1797,15362,6011,9538,1220,6106,113048
Bihar,2000,3497,9312,2072,7242,2114,3103,84894
Bihar,2001,3643,9701,2159,7544,2203,3233,88432
Bihar,2002,3712,10145,2361,8770,2288,3188,94040
Bihar,2003,3771,10124,2427,8884,2463,2986,92263
Bihar,2004,3948,11113,3413,11231,2986,3175,108060
Bihar,2005,3471,10812,2693,11939,2374,3117,97850
Bihar,2006,3249,11752,2619,12674,2169,3531,100665
Bihar,2007,3034,11795,2530,16288,1787,3259,109420
Bihar,2008,3139,13206,3047,16644,1592,3414,122669
Bihar,2009,3152,15221,3222,14746,1619,3566,122931
Bihar,2010,3362,15544,3674,15328,1538,3437,127453
Bihar,2011,3198,16292,4268,19391,1381,3629,135896
Bihar,2012,3566,17667,4807,45827,1266,3758,146614
Bihar,2013,3441,21423,5570,35675,1521,4185,167455
Bihar,2014,3403,22888,6570,17351,1600,4674,177595
Bihar,2015,3548,23953,6521,18157,1645,4887,178611
Bihar,2016,3640,25006,6481,18540,1644,4942,176900
Bihar,2017,3781,24877,6663,19390,1688,5130,177908
Bihar,2018,3818,25115,6629,19789,1723,5290,184768
Bihar,2019,3880,26028,6707,20034,1725,5413,191669
Bihar,2020,3951,26679,6757,20307,1810,5518,200416
Bihar,2021,4065,26558,6970,20343,1868,5658,210259
Bihar,2022,4235,26848,7091,20258,1900,5615,213734
Bihar,2023,4204,27253,7231,21017,1981,5878,212604
Bihar,2024,4308,27056,7307,21483,2024,5970,211651
Bihar,2025,4435,27701,7631,21632,2074,6008,210537
Chandigarh,2000,14,1467,53,91,21,349,3261
Chandigarh,2001,15,1529,56,95,22,364,3397
Chandigarh,2002,31,1647,54,107,26,336,3806
Chandigarh,2003,21,1238,32,71,12,204,2806
Chandigarh,2004,22,1459,54,65,6,186,2889
Chandigarh,2005,18,1373,54,57,12,223,3133
Chandigarh,2006,12,1234,65,55,34,189,3126
Chandigarh,2007,19,1740,52,78,37,191,3643
Chandigarh,2008,17,1991,50,73,23,257,3931
Chandigarh,2009,22,1731,40,63,27,241,3555
Chandigarh,2010,21,1481,38,65,67,236,3373
Chandigarh,2011,24,1502,58,45,68,285,3542
Chandigarh,2012,21,1549,87,42,63,235,3606
Chandigarh,2013,22,1519,261,59,62,258,4077
Chandigarh,2014,24,1260,187,19,65,134,3221
Chandigarh,2015,24,1268,185,19,65,133,3244
Chandigarh,2016,24,1311,191,19,66,132,3254
Chandigarh,2017,24,1311,196,19,68,133,3320
Chandigarh,2018,24,1375,201,19,68,133,3349
Chandigarh,2019,24,1364,199,19,67,132,3409
Chandigarh,2020,23,1378,205,19,67,130,3520
Chandigarh,2021,24,1365,209,18,67,129,3494
Chandigarh,2022,24,1370,217,18,67,129,3491
Chandigarh,2023,24,1404,224,18,68,134,3618
Chandigarh,2024,24,1463,229,18,69,135,3685
Chandigarh,2025,24,1524,235,18,71,136,3751
Chhattisgarh,2000,844,4619,198,5257,324,3978,36921
Chhattisgarh,2001,880,4812,207,5477,338,4144,38460
Chhattisgarh,2002,844,4302,178,4484,326,3731,37950
Chhattisgarh,2003,776,4170,177,3653,331,3621,38449
Chhattisgarh,2004,927,5014,214,3899,363,3720,41927
Chhattisgarh,2005,1013,5600,246,3734,401,3621,43633
Chhattisgarh,2006,1098,5262,239,6722,439,3507,45177
Chhattisgarh,2007,1097,5381,244,6801,427,3632,45845
Chhattisgarh,2008,1169,6079,273,8565,500,4112,51442
Chhattisgarh,2009,1083,5792,286,9543,554,3975,51370
Chhattisgarh,2010,1065,5805,359,10188,552,3711,54958
Chhattisgarh,2011,1110,5315,472,11105,470,3548,57218
Chhattisgarh,2012,998,5341,450,10855,412,3334,54598
Chhattisgarh,2013,945,5189,2235,10546,351,3527,56870
Chhattisgarh,2014,998,6098,2014,3961,405,3247,58200
Chhattisgarh,2015,1018,6230,2036,4066,412,3391,59823
Chhattisgarh,2016,1048,6194,2046,4199,428,3547,61531
Chhattisgarh,2017,1069,6470,2126,4221,448,3691,62411
Chhattisgarh,2018,1063,6594,2150,4422,449,3811,62096
Chhattisgarh,2019,1100,6610,2172,4611,461,3824,62927
Chhattisgarh,2020,1154,6685,2173,4665,466,3981,65080
Chhattisgarh,2021,1203,6851,2170,4668,461,4040,65689
Chhattisgarh,2022,1196,7155,2248,4748,473,4219,67437
Chhattisgarh,2023,1251,7105,2348,4778,478,4368,66815
Chhattisgarh,2024,1258,7320,2344,4730,499,4347,69503
Chhattisgarh,2025,1285,7404,2332,4963,495,4343,71586
D&N Haveli,2013,3,58,13,15,0,21,314
D&N Haveli,2014,4,38,14,13,2,15,277
D&N Haveli,2015,4,38,13,13,2,15,286
D&N Haveli,2016,3,38,13,13,2,15,293
D&N Haveli,2017,3,39,13,13,2,15,292
D&N Haveli,2018,3,39,13,13,2,15,301
D&N Haveli,2019,3,39,13,13,2,15,307
D&N Haveli,2020,3,40,13,13,2,14,310
D&N Haveli,2021,3,39,13,13,1,14,316
D&N Haveli,2022,3,39,13,13,1,14,316
D&N Haveli,2023,2,40,13,12,1,13,316
D&N Haveli,2024,2,40,13,12,0,13,330
D&N Haveli,2025,2,39,13,12,0,13,335
Dadra & Nagar Haveli,2000,2,43,3,27,1,32,336
Dadra & Nagar Haveli,2001,3,45,4,29,2,34,350
Dadra & Nagar Haveli,2002,11,75,9,29,1,38,349
Dadra & Nagar Haveli,2003,11,61,7,22,6,41,338
Dadra & Nagar Haveli,2004,11,53,12,35,2,20,409
Dadra & Nagar Haveli,2005,7,74,13,33,2,25,434
Dadra & Nagar Haveli,2006,9,61,18,35,5,41,435
Dadra & Nagar Haveli,2007,10,87,9,25,3,28,425
Dadra & Nagar Haveli,2008,9,54,17,26,0,49,401
Dadra & Nagar Haveli,2009,10,63,12,23,2,43,442
Dadra & Nagar Haveli,2010,6,63,18,11,3,25,378
Dadra & Nagar Haveli,2011,14,69,9,25,2,22,372
Dadra & Nagar Haveli,2012,7,68,13,25,2,22,318
Dadra & Nagar Haveli,2015,7,71,13,24,2,22,324
Dadra & Nagar Haveli,2016,6,70,13,25,2,22,333
Dadra & Nagar Haveli,2017,5,70,13,25,2,22,333
Dadra & Nagar Haveli,2018,5,71,13,25,2,22,336
Dadra & Nagar Haveli,2019,5,71,13,24,2,23,352
Dadra & Nagar Haveli,2020,5,72,13,24,1,22,364
Dadra & Nagar Haveli,2021,5,72,13,24,1,22,377
Dadra & Nagar Haveli,2022,5,74,13,24,1,21,377
Dadra & Nagar Haveli,2023,4,73,13,24,1,21,395
Dadra & Nagar Haveli,2024,4,75,13,24,1,21,397
Dadra & Nagar Haveli,2025,4,75,13,24,1,21,398
Daman & Diu,2000,6,38,4,20,0,41,229
Daman & Diu,2001,7,40,5,21,0,43,239
Daman & Diu,2002,8,56,3,18,1,56,261
Daman & Diu,2003,6,46,1,14,1,41,269
Daman & Diu,2004,3,27,2,17,1,35,198
Daman & Diu,2005,5,50,4,16,0,37,243
Daman & Diu,2006,6,63,3,18,1,60,288
Daman & Diu,2007,12,43,1,20,2,46,260
Daman & Diu,2008,2,49,4,12,4,45,248
Daman & Diu,2009,5,41,0,14,4,33,276
Daman & Diu,2010,5,47,2,12,0,27,203
Daman & Diu,2011,6,47,3,11,6,31,224
Daman & Diu,2012,3,55,3,17,3,26,239
Daman & Diu,2013,9,38,13,14,1,19,246
Daman & Diu,2014,7,31,10,15,5,21,233
Daman & Diu,2015,7,32,10,15,5,21,230
Daman & Diu,2016,6,32,10,14,5,21,228
Daman & Diu,2017,6,32,10,14,5,21,237
Daman & Diu,2018,6,32,10,13,5,21,247
Daman & Diu,2019,5,32,9,13,4,21,255
Daman & Diu,2020,5,33,9,13,3,21,262
Daman & Diu,2021,5,33,9,13,3,21,264
Daman & Diu,2022,5,33,9,13,2,21,267
Daman & Diu,2023,5,33,9,13,2,21,272
Daman & Diu,2024,5,33,8,13,2,21,280
Daman & Diu,2025,5,32,8,13,2,21,288
Delhi,2013,517,30124,6294,1768,1245,2835,80184
Delhi,2014,586,78753,7143,690,6464,10309,155654
Delhi,2015,583,78291,7451,688,6579,10789,156476
Delhi,2016,598,77831,7642,708,6596,11073,157141
Delhi,2017,597,80110,7650,733,6897,11138,159124
Delhi,2018,599,81365,7814,766,7131,11230,158260
Delhi,2019,609,82950,7773,800,7436,11622,158690
Delhi,2020,611,82661,7713,833,7379,11915,161652
Delhi,2021,608,82697,7846,851,7670,12080,160652
Delhi,2022,621,83397,7877,870,7608,12664,164497
Delhi,2023,624,84449,8032,901,7541,12758,168483
Delhi,2024,628,85110,8061,932,7586,13348,172942
Delhi,2025,638,87564,8129,937,7814,13237,173876
Goa,2000,34,552,8,167,24,344,2247
Goa,2001,36,576,9,174,25,359,2341
Goa,2002,30,496,9,236,24,376,2440
Goa,2003,34,464,14,198,21,257,2244
Goa,2004,40,503,13,170,18,261,2127
Goa,2005,45,495,17,155,28,265,2119
Goa,2006,39,494,16,170,17,252,2204
Goa,2007,33,494,12,150,22,292,2479
Goa,2008,49,601,36,185,23,302,2742
Goa,2009,53,858,33,191,30,294,3005
Goa,2010,35,1034,25,177,39,368,3293
Goa,2011,48,1115,28,215,26,318,3449
Goa,2012,45,915,24,266,25,356,3608
Goa,2013,36,1138,108,349,37,385,4312
Goa,2014,34,1154,152,114,32,372,4466
Goa,2015,34,1186,152,116,32,386,4678
Goa,2016,35,1211,150,115,33,391,4755
Goa,2017,36,1232,156,117,32,405,4834
Goa,2018,37,1288,156,116,31,418,4930
Goa,2019,37,1339,160,120,31,435,5079
Goa,2020,38,1334,161,120,30,447,5031
Goa,2021,38,1350,164,123,30,453,5047
Goa,2022,37,1417,164,125,31,460,5158
Goa,2023,37,1425,168,125,30,464,5388
Goa,2024,37,1452,170,128,30,474,5552
Goa,2025,38,1455,175,132,30,472,5757
Gujarat,2000,1176,15200,958,13209,951,4936,99282
Gujarat,2001,1226,15834,998,13760,991,5142,103419
Gujarat,2002,1532,15742,1015,13531,1098,5327,106675
Gujarat,2003,1114,19304,1044,12611,1267,5844,103709
Gujarat,2004,1113,18551,1133,12262,1136,5828,105469
Gujarat,2005,1033,17964,1164,10503,966,5332,113414
Gujarat,2006,1165,18475,1128,10685,970,5530,120972
Gujarat,2007,1166,18164,1312,10989,1095,4870,123195
Gujarat,2008,1106,20715,1323,10897,1322,5053,123808
Gujarat,2009,1020,19669,1348,9456,1420,4488,115183
Gujarat,2010,1048,16794,1447,10131,1384,4071,116439
Gujarat,2011,1126,16043,1614,10159,1368,4509,123371
Gujarat,2012,1126,15952,1720,10234,1366,4695,130121
Gujarat,2013,1118,15313,2666,9917,1429,4980,157435
Gujarat,2014,1124,14337,2722,3363,1209,4477,131385
Gujarat,2015,1162,15019,2757,3455,1233,4667,136792
Gujarat,2016,1204,15768,2779,3580,1262,4632,137101
Gujarat,2017,1220,15793,2756,3644,1321,4768,137881
Gujarat,2018,1265,16209,2747,3727,1328,4958,138320
Gujarat,2019,1285,16467,2831,3873,1377,5144,141023
Gujarat,2020,1329,17234,2821,3855,1399,5188,143326
Gujarat,2021,1323,17203,2827,3991,1424,5194,150030
Gujarat,2022,1337,17427,2850,4183,1451,5240,152343
Gujarat,2023,1365,17612,2952,4297,1523,5395,155138
Gujarat,2024,1373,18183,3073,4422,1511,5617,162508
Gujarat,2025,1381,19023,3149,4627,1520,5596,168372
Haryana,2000,749,5872,431,4554,381,2984,37208
Haryana,2001,781,6117,449,4744,397,3109,38759
Haryana,2002,760,5962,427,4514,330,3048,40152
Haryana,2003,702,5591,388,4153,281,2981,38612
Haryana,2004,733,6558,423,4194,244,2786,39096
Haryana,2005,784,8694,492,4569,390,3437,42664
Haryana,2006,873,10518,635,5135,410,4001,50509
Haryana,2007,911,11047,801,5031,502,4231,51597
Haryana,2008,921,12709,854,4504,555,4249,55344
Haryana,2009,948,12917,916,3977,679,4077,56229
Haryana,2010,1005,16266,963,3733,734,4445,59120
Haryana,2011,1062,17425,959,3423,638,5011,60741
Haryana,2012,991,17590,1349,3277,711,5129,62480
Haryana,2013,982,18620,2772,3171,763,6121,72098
Haryana,2014,1106,20314,3082,1671,874,6717,79947
Haryana,2015,1131,20810,3118,1675,874,6928,81950
Haryana,2016,1137,21437,3121,1735,877,7208,85518
Haryana,2017,1148,21231,3196,1767,895,7373,88998
Haryana,2018,1137,21051,3287,1842,887,7677,88560
Haryana,2019,1164,21303,3312,1873,912,7895,91825
Haryana,2020,1210,21240,3324,1863,950,7975,95090
Haryana,2021,1251,21678,3345,1870,975,8222,96759
Haryana,2022,1287,22501,3432,1859,1012,8459,101315
Haryana,2023,1297,22647,3500,1840,1023,8746,104125
Haryana,2024,1323,22755,3651,1872,1072,9012,108675
Haryana,2025,1331,23523,3708,1956,1077,8944,111625
Himachal Pradesh,2000,114,576,120,1346,26,810,11039
Himachal Pradesh,2001,119,600,126,1403,28,844,11499
Himachal Pradesh,2002,123,564,138,1476,18,710,12243
Himachal Pradesh,2003,125,627,113,1385,19,707,12011
Himachal Pradesh,2004,110,643,123,1421,25,766,12326
Himachal Pradesh,2005,110,696,118,1359,22,696,12345
Himachal Pradesh,2006,111,812,130,1261,29,754,13093
Himachal Pradesh,2007,127,1092,171,1318,23,877,14222
Himachal Pradesh,2008,129,1152,151,1258,20,885,13976
Himachal Pradesh,2009,125,823,150,1230,21,784,13315
Himachal Pradesh,2010,132,838,194,1374,11,743,13049
Himachal Pradesh,2011,130,1042,212,1251,10,995,14312
Himachal Pradesh,2012,113,769,172,1173,10,928,12557
Himachal Pradesh,2013,104,818,352,1157,14,932,13750
Himachal Pradesh,2014,130,652,304,593,16,884,14160
Himachal Pradesh,2015,135,665,318,589,15,922,14487
Himachal Pradesh,2016,134,660,330,584,15,946,14944
Himachal Pradesh,2017,140,680,329,584,15,939,14955
Himachal Pradesh,2018,146,704,338,586,15,961,15302
Himachal Pradesh,2019,148,699,347,609,15,961,15602
Himachal Pradesh,2020,152,716,356,605,15,952,15635
Himachal Pradesh,2021,159,723,372,602,15,961,16381
Himachal Pradesh,2022,161,725,368,614,15,979,16979
Himachal Pradesh,2023,161,742,373,620,15,984,17605
Himachal Pradesh,2024,162,753,377,650,15,1010,17609
Himachal Pradesh,2025,163,753,377,665,15,1057,18471
Jammu & Kashmir,2000,1032,1842,581,305,154,1291,18724
Jammu & Kashmir,2001,1075,1919,606,318,161,1345,19505
Jammu & Kashmir,2002,1048,2020,674,366,163,1321,19967
Jammu & Kashmir,2003,929,1949,712,310,154,1526,21233
Jammu & Kashmir,2004,816,1939,735,334,129,1420,21191
Jammu & Kashmir,2005,647,1901,748,355,116,1397,20115
Jammu & Kashmir,2006,487,1937,789,376,112,1351,20787
Jammu & Kashmir,2007,318,2086,758,374,111,1460,21443
Jammu & Kashmir,2008,237,2198,704,273,67,1347,20604
Jammu & Kashmir,2009,237,2631,873,331,69,1566,21975
Jammu & Kashmir,2010,217,2510,896,278,61,1406,23223
Jammu & Kashmir,2011,169,2655,1077,246,88,1516,24504
Jammu & Kashmir,2012,124,2022,1093,322,81,1395,24608
Jammu & Kashmir,2013,150,1862,983,324,87,1387,25390
Jammu & Kashmir,2014,156,1773,860,341,89,1367,23848
Jammu & Kashmir,2015,158,1761,902,343,91,1371,24865
Jammu & Kashmir,2016,157,1766,942,354,95,1378,24895
Jammu & Kashmir,2017,163,1789,966,362,96,1381,25886
Jammu & Kashmir,2018,168,1856,965,371,99,1413,26994
Jammu & Kashmir,2019,167,1943,960,384,101,1437,28097
Jammu & Kashmir,2020,169,1986,1005,401,103,1488,27917
Jammu & Kashmir,2021,175,1984,1018,397,107,1542,29303
Jammu & Kashmir,2022,178,2036,1016,402,110,1618,29823
Jammu & Kashmir,2023,177,2077,1023,409,114,1691,30990
Jammu & Kashmir,2024,182,2064,1013,408,114,1743,31455
Jammu & Kashmir,2025,190,2152,1035,414,113,1738,31985
Jharkhand,2000,1446,3673,423,2163,621,1215,24429
Jharkhand,2001,1507,3827,441,2254,647,1266,25447
Jharkhand,2002,1488,4374,468,2294,780,1419,31439
Jharkhand,2003,1482,4155,487,3062,864,1468,32203
Jharkhand,2004,1488,4374,468,2294,780,1419,31439
Jharkhand,2005,1523,6195,621,3078,732,1610,35175
Jharkhand,2006,1492,6173,635,3055,779,1428,36364
Jharkhand,2007,1617,7091,762,3783,771,1495,38489
Jharkhand,2008,1697,7269,792,2826,761,1375,38686
Jharkhand,2009,1636,7716,827,4132,780,1392,37436
Jharkhand,2010,1689,7090,978,4271,709,1357,38889
Jharkhand,2011,1747,6378,941,4403,614,1235,35838
Jharkhand,2012,1694,6680,1056,4785,494,1216,40946
Jharkhand,2013,1630,6839,1271,5972,568,1339,48208
Jharkhand,2014,1658,7046,1423,1344,521,1442,45335
Jharkhand,2015,1727,7393,1459,1373,524,1457,46276
Jharkhand,2016,1779,7532,1473,1411,546,1492,46924
Jharkhand,2017,1847,7521,1510,1441,566,1486,48036
Jharkhand,2018,1857,7591,1573,1469,578,1476,49308
Jharkhand,2019,1925,7710,1622,1497,604,1498,51154
Jharkhand,2020,1953,8064,1650,1530,614,1561,51620
Jharkhand,2021,1962,8278,1692,1575,638,1635,52724
Jharkhand,2022,1944,8416,1747,1583,639,1630,53102
Jharkhand,2023,2013,8520,1820,1652,643,1652,54813
Jharkhand,2024,2085,8554,1837,1686,646,1721,57377
Jharkhand,2025,2075,8821,1905,1687,656,1771,59478
Karnataka,2000,1560,12353,536,22353,813,6138,104734
Karnataka,2001,1626,12868,559,23285,847,6394,109098
Karnataka,2002,1627,13818,645,22824,972,6480,113699
Karnataka,2003,1506,14180,531,21913,861,6055,112405
Karnataka,2004,1519,16093,592,21232,1024,6093,114440
Karnataka,2005,1609,17008,589,20883,1202,5986,117580
Karnataka,2006,1627,14901,563,19488,1349,5967,117710
Karnataka,2007,1538,14351,680,18963,1313,5449,120606
Karnataka,2008,1698,17820,758,19159,1615,6258,127540
Karnataka,2009,1702,20576,892,20105,1825,6629,134042
Karnataka,2010,1805,20093,1374,21835,1949,6059,142322
Karnataka,2011,1820,19834,1395,21295,2123,6136,137600
Karnataka,2012,1860,18418,1451,20350,2207,5792,134021
Karnataka,2013,1601,19756,1836,21118,2150,6003,136689
Karnataka,2014,1636,21019,1933,1717,2516,6032,137338
Karnataka,2015,1648,21500,1991,1772,2555,6258,142936
Karnataka,2016,1673,22541,2081,1803,2530,6313,149317
Karnataka,2017,1745,22374,2149,1825,2643,6487,153377
Karnataka,2018,1745,23260,2252,1867,2663,6615,153118
Karnataka,2019,1830,24279,2298,1955,2678,6860,154115
Karnataka,2020,1877,25112,2295,2002,2761,6955,161158
Karnataka,2021,1876,25562,2310,2021,2872,7134,165876
Karnataka,2022,1882,26301,2311,2115,2847,7463,172251
Karnataka,2023,1898,27530,2415,2109,2964,7713,178419
Karnataka,2024,1903,27996,2428,2169,3056,7782,185438
Karnataka,2025,1928,27717,2525,2218,3202,7867,189083
Kerala,2000,453,5223,175,19035,496,4295,99693
Kerala,2001,472,5441,183,19829,517,4474,103847
Kerala,2002,454,5743,162,19033,610,4624,104200
Kerala,2003,435,4891,189,17696,634,4409,98824
Kerala,2004,417,5240,232,20610,639,4580,104025
Kerala,2005,388,5454,226,18302,621,4110,104350
Kerala,2006,393,5431,294,19105,691,4245,105255
Kerala,2007,367,5609,255,18975,869,4100,108530
Kerala,2008,362,5818,253,19178,816,3882,110620
Kerala,2009,343,5564,256,18274,830,3554,118369
Kerala,2010,363,4380,261,18532,636,2682,148313
Kerala,2011,365,4704,299,21747,741,3001,172137
Kerala,2012,374,4078,281,21170,725,2710,158989
Kerala,2013,372,4079,252,20399,784,2929,176334
Kerala,2014,367,4700,222,1827,869,3452,206789
Kerala,2015,378,4698,228,1867,888,3597,207207
Kerala,2016,389,4720,238,1915,907,3672,208896
Kerala,2017,396,4802,247,1985,900,3648,207145
Kerala,2018,414,4971,255,2058,912,3680,209236
Kerala,2019,422,5093,257,2127,953,3735,212064
Kerala,2020,442,5069,264,2220,987,3724,221077
Kerala,2021,451,5051,276,2312,991,3863,227689
Kerala,2022,448,5071,287,2293,1014,3912,228083
Kerala,2023,454,5161,287,2275,1057,3875,226737
Kerala,2024,474,5372,284,2377,1073,3836,231123
Kerala,2025,491,5358,291,2360,1090,4017,236869
Lakshadweep,2000,0,9,0,2,0,0,34
Lakshadweep,2001,1,10,0,3,0,1,36
Lakshadweep,2002,0,12,0,5,0,9,53
Lakshadweep,2003,0,8,0,1,0,6,31
Lakshadweep,2004,0,5,0,6,0,2,70
Lakshadweep,2005,1,7,0,4,0,2,42
Lakshadweep,2006,0,17,0,5,0,2,80
Lakshadweep,2007,0,20,0,0,0,2,56
Lakshadweep,2008,1,8,1,12,0,3,95
Lakshadweep,2009,0,10,0,14,0,1,134
Lakshadweep,2010,0,5,0,1,0,5,42
Lakshadweep,2011,0,4,0,3,0,0,44
Lakshadweep,2012,0,7,0,3,0,3,60
Lakshadweep,2013,0,8,0,5,0,2,40
Lakshadweep,2014,0,15,0,1,0,10,81
Lakshadweep,2015,0,14,0,1,0,10,82
Lakshadweep,2016,0,14,0,1,0,10,84
Lakshadweep,2017,0,13,0,1,0,9,86
Lakshadweep,2018,0,12,0,1,0,9,86
Lakshadweep,2019,0,12,0,1,0,9,89
Lakshadweep,2020,0,12,0,1,0,9,90
Lakshadweep,2021,0,12,0,0,0,9,90
Lakshadweep,2022,0,11,0,0,0,9,91
Lakshadweep,2023,0,11,0,0,0,9,90
Lakshadweep,2024,0,11,0,0,0,9,93
Lakshadweep,2025,0,11,0,0,0,9,92
Madhya Pradesh,2000,2328,19452,917,29659,1693,13007,174471
Madhya Pradesh,2001,2425,20263,956,30895,1764,13549,181741
Madhya Pradesh,2002,2395,20759,964,29955,1829,13344,191799
Madhya Pradesh,2003,2227,20422,887,29358,1578,12884,191078
Madhya Pradesh,2004,2379,22586,832,33285,1526,12308,196867
Madhya Pradesh,2005,2405,20685,847,33803,1557,11192,189172
Madhya Pradesh,2006,2309,21733,808,34709,1770,10960,194711
Madhya Pradesh,2007,2244,22396,922,36643,1975,11230,202386
Madhya Pradesh,2008,2322,24583,929,36344,2234,11072,206556
Madhya Pradesh,2009,2386,23260,1036,37132,2270,10661,207762
Madhya Pradesh,2010,2423,21577,1187,39193,1919,9897,214269
Madhya Pradesh,2011,2511,22414,1288,35711,1952,10230,217094
Madhya Pradesh,2012,2373,23182,1302,35549,1940,10019,220335
Madhya Pradesh,2013,2112,25045,3354,35256,1832,11007,227453
Madhya Pradesh,2014,2274,29244,7833,12113,1969,12110,272423
Madhya Pradesh,2015,2276,28966,7989,12460,2026,12472,274353
Madhya Pradesh,2016,2382,28920,8384,12413,2125,12507,277255
Madhya Pradesh,2017,2409,28919,8445,12507,2143,12913,279993
Madhya Pradesh,2018,2511,29283,8568,12783,2168,13393,280019
Madhya Pradesh,2019,2505,30603,8921,13082,2221,14035,286845
Madhya Pradesh,2020,2618,31893,9130,13560,2317,14673,301071
Madhya Pradesh,2021,2742,31858,9393,13572,2320,15330,306088
Madhya Pradesh,2022,2810,32664,9797,13597,2326,15459,311544
Madhya Pradesh,2023,2790,33478,9764,13700,2322,15788,310444
Madhya Pradesh,2024,2781,34111,9946,13732,2415,15803,318746
Madhya Pradesh,2025,2796,33800,10417,14242,2391,16490,321753
Maharashtra,2000,2725,38271,945,29003,2149,14470,164383
Maharashtra,2001,2839,39866,985,30212,2239,15073,171233
Maharashtra,2002,2768,37606,953,29250,2136,14471,165462
Maharashtra,2003,2772,37098,926,29205,2096,13892,164306
Maharashtra,2004,2696,43952,1045,30122,2229,14659,176302
Maharashtra,2005,2621,46851,1194,30017,2411,15615,187027
Maharashtra,2006,2656,46473,1261,29407,2574,15877,191788
Maharashtra,2007,2693,47681,1312,29622,2770,15607,195707
Maharashtra,2008,2795,52860,1379,29742,3031,16004,206243
Maharashtra,2009,2653,50930,1286,28326,3314,15841,199598
Maharashtra,2010,2744,52565,1508,29696,3721,16617,208168
Maharashtra,2011,2818,53449,1669,29769,4249,16313,204902
Maharashtra,2012,2712,47476,1583,28392,6949,15648,202700
Maharashtra,2013,2512,52670,2640,30796,9746,18328,234385
Maharashtra,2014,2670,56283,3793,8127,9466,17171,249834
Maharashtra,2015,2748,57534,3877,8309,9738,17858,248156
Maharashtra,2016,2730,57132,3988,8431,10074,18425,253162
Maharashtra,2017,2812,57185,4142,8677,10566,18892,254374
Maharashtra,2018,2822,57161,4320,8734,10749,18812,255154
Maharashtra,2019,2797,57003,4482,9040,10672,18673,266310
Maharashtra,2020,2852,56977,4473,9236,10671,19007,275137
Maharashtra,2021,2934,57700,4666,9232,10960,19568,279219
Maharashtra,2022,2927,58960,4854,9184,10937,20438,292643
Maharashtra,2023,3059,61073,4995,9206,11370,20461,294299
Maharashtra,2024,3053,63386,5048,9605,11341,20928,299958
Maharashtra,2025,3044,65636,5293,9866,11460,21114,299118
Manipur,2000,200,208,90,192,18,72,2389
Manipur,2001,209,217,94,201,19,75,2489
Manipur,2002,165,255,157,378,6,44,2584
Manipur,2003,150,252,120,324,6,68,2537
Manipur,2004,159,244,128,233,3,66,2535
Manipur,2005,256,243,106,295,8,62,2913
Manipur,2006,205,290,130,296,8,55,2884
Manipur,2007,240,454,150,377,11,70,3259
Manipur,2008,187,446,176,301,7,76,3349
Manipur,2009,131,394,159,224,3,68,2852
Manipur,2010,92,417,199,227,2,66,2715
Manipur,2011,78,719,169,292,7,52,3218
Manipur,2012,83,903,223,285,3,53,3737
Manipur,2013,93,854,181,223,3,85,3178
Manipur,2014,96,1001,182,274,7,75,3641
Manipur,2015,95,1027,186,280,7,75,3630
Manipur,2016,97,1017,190,289,7,74,3803
Manipur,2017,98,1025,191,300,7,76,3789
Manipur,2018,102,1030,190,301,6,77,3837
Manipur,2019,106,1052,196,302,6,77,3915
Manipur,2020,110,1086,199,304,5,77,3900
Manipur,2021,114,1116,199,315,5,78,4035
Manipur,2022,118,1159,204,321,5,81,4053
Manipur,2023,121,1176,203,327,5,81,4169
Manipur,2024,122,1175,202,325,5,83,4270
Manipur,2025,125,1224,201,340,5,85,4421
Meghalaya,2000,157,260,52,97,120,163,1619
Meghalaya,2001,164,271,55,102,125,170,1687
Meghalaya,2002,167,392,52,89,109,154,1664
Meghalaya,2003,175,360,49,106,133,160,1669
Meghalaya,2004,124,418,54,123,81,142,1752
Meghalaya,2005,134,476,48,135,95,148,1880
Meghalaya,2006,157,470,57,138,65,140,1935
Meghalaya,2007,114,500,52,124,56,203,2079
Meghalaya,2008,126,669,56,204,65,168,2318
Meghalaya,2009,128,545,56,207,67,147,2448
Meghalaya,2010,134,664,71,154,67,166,2505
Meghalaya,2011,170,696,87,197,63,145,2755
Meghalaya,2012,137,543,92,157,46,145,2557
Meghalaya,2013,166,617,139,276,68,187,3259
Meghalaya,2014,159,857,179,153,97,146,3679
Meghalaya,2015,162,890,184,154,100,152,3651
Meghalaya,2016,166,902,188,154,100,158,3749
Meghalaya,2017,173,930,194,156,104,162,3779
Meghalaya,2018,178,944,196,159,107,164,3904
Meghalaya,2019,184,964,201,161,111,164,4074
Meghalaya,2020,187,976,209,160,109,165,4054
Meghalaya,2021,191,985,214,160,113,170,4104
Meghalaya,2022,189,978,215,163,113,170,4267
Meghalaya,2023,189,973,216,162,113,177,4443
Meghalaya,2024,194,992,226,166,118,178,4481
Meghalaya,2025,198,1005,236,169,118,186,4572
Mizoram,2000,29,842,1,90,22,400,2156
Mizoram,2001,31,878,2,94,23,417,2246
Mizoram,2002,29,999,7,112,7,446,2820
Mizoram,2003,46,1303,8,142,21,487,3456
Mizoram,2004,35,610,15,80,6,250,1515
Mizoram,2005,24,777,13,77,6,442,2156
Mizoram,2006,25,758,6,72,10,422,2073
Mizoram,2007,43,808,4,85,5,457,2083
Mizoram,2008,35,747,9,118,6,338,1989
Mizoram,2009,31,761,9,120,4,381,2047
Mizoram,2010,48,823,9,116,16,425,2174
Mizoram,2011,26,734,6,97,6,336,1821
Mizoram,2012,30,605,8,103,4,347,1766
Mizoram,2013,27,643,7,70,3,374,1709
Mizoram,2014,42,852,7,100,6,470,2140
Mizoram,2015,43,892,6,99,6,479,2168
Mizoram,2016,43,931,5,103,5,485,2218
Mizoram,2017,42,945,4,102,4,505,2207
Mizoram,2018,42,950,4,103,4,518,2249
Mizoram,2019,43,979,4,107,4,528,2292
Mizoram,2020,43,1007,4,108,4,537,2377
Mizoram,2021,42,1021,3,110,4,538,2447
Mizoram,2022,43,1035,2,113,4,542,2535
Mizoram,2023,43,1042,2,111,4,551,2593
Mizoram,2024,43,1052,2,110,4,571,2592
Mizoram,2025,44,1052,2,114,4,593,2600
Nagaland,2000,96,247,22,35,123,156,1184
Nagaland,2001,101,258,23,37,129,163,1234
Nagaland,2002,100,257,27,53,110,128,1114
Nagaland,2003,91,221,38,48,92,95,976
Nagaland,2004,70,255,23,52,117,70,984
Nagaland,2005,87,294,26,35,80,93,1049
Nagaland,2006,123,327,31,50,84,70,1103
Nagaland,2007,111,360,17,52,75,118,1180
Nagaland,2008,143,345,44,46,87,127,1202
Nagaland,2009,46,347,52,38,92,82,1059
Nagaland,2010,45,397,50,36,63,62,1059
Nagaland,2011,46,360,34,55,59,73,1083
Nagaland,2012,75,381,27,30,54,65,1090
Nagaland,2013,78,406,40,59,49,36,1216
Nagaland,2014,58,418,37,23,38,54,1157
Nagaland,2015,58,414,36,23,39,55,1153
Nagaland,2016,60,425,36,23,38,55,1142
Nagaland,2017,61,437,35,23,39,56,1173
Nagaland,2018,63,435,35,23,40,55,1188
Nagaland,2019,63,436,36,22,41,56,1237
Nagaland,2020,65,435,37,22,40,56,1244
Nagaland,2021,67,443,36,22,41,56,1259
Nagaland,2022,67,461,36,21,41,56,1254
Nagaland,2023,69,461,36,21,42,56,1267
Nagaland,2024,71,471,36,21,41,55,1303
Nagaland,2025,72,474,37,21,42,56,1322
Odisha,2000,947,5397,501,4192,919,2969,44794
Odisha,2001,987,5622,522,4367,958,3093,46661
Odisha,2002,1075,5268,523,4947,945,2884,47728
Odisha,2003,1044,5359,477,4759,875,2961,47281
Odisha,2004,1066,5967,526,4938,952,2992,48739
Odisha,2005,1079,6743,641,5919,998,3029,51685
Odisha,2006,1159,6567,704,6226,1184,3120,52792
Odisha,2007,1210,6830,801,7478,1273,3073,54872
Odisha,2008,1250,7419,908,7013,1345,3100,56755
Odisha,2009,1250,7136,930,6816,1488,2937,55740
Odisha,2010,1308,7572,1016,7181,1491,2855,56459
Odisha,2011,1477,8724,1139,7894,1583,3031,61277
Odisha,2012,1548,9630,1542,8223,1613,3430,67957
Odisha,2013,1454,10044,2370,10743,1678,3747,71718
Odisha,2014,1450,9410,3073,5531,1828,4082,74569
Odisha,2015,1502,9682,3222,5806,1828,4264,78011
Odisha,2016,1551,9697,3364,5987,1850,4464,79815
Odisha,2017,1622,9609,3391,6239,1923,4501,83349
Odisha,2018,1634,9864,3517,6321,1914,4652,85907
Odisha,2019,1682,10111,3521,6536,1954,4706,86154
Odisha,2020,1762,10540,3534,6533,2028,4706,86787
Odisha,2021,1749,10613,3590,6673,2028,4911,90127
Odisha,2022,1752,10511,3695,6903,2069,4898,89526
Odisha,2023,1785,10568,3774,7050,2097,4886,91211
Odisha,2024,1793,10536,3887,7229,2108,4846,93150
Odisha,2025,1798,11051,3911,7246,2207,4860,96970
Puducherry,2000,24,506,3,609,3,106,3905
Puducherry,2001,25,528,4,635,4,111,4068
Puducherry,2002,29,526,10,1093,6,129,4437
Puducherry,2003,29,567,18,1053,11,126,4517
Puducherry,2004,25,634,10,974,1,86,4620
Puducherry,2005,19,466,6,857,5,67,4575
Puducherry,2006,30,560,18,927,3,84,4687
Puducherry,2007,34,787,20,904,8,86,5054
Puducherry,2008,35,688,17,873,10,90,4989
Puducherry,2009,37,711,18,901,9,71,4591
Puducherry,2010,33,534,17,806,5,72,3935
Puducherry,2011,32,707,12,853,11,65,4362
Puducherry,2012,29,658,19,818,16,77,4281
Puducherry,2013,31,594,41,715,10,71,3756
Puducherry,2014,25,424,13,105,6,61,3584
Puducherry,2015,25,429,13,108,6,60,3600
Puducherry,2016,26,444,13,112,6,60,3721
Puducherry,2017,26,459,13,116,5,62,3783
Puducherry,2018,26,477,13,120,5,64,3799
Puducherry,2019,26,477,12,123,4,64,3801
Puducherry,2020,25,497,12,123,4,65,3768
Puducherry,2021,25,494,12,122,4,67,3954
Puducherry,2022,25,502,12,126,4,66,3993
Puducherry,2023,25,511,12,131,4,66,4157
Puducherry,2024,25,526,12,136,4,68,4315
Puducherry,2025,24,522,12,138,4,69,4346
Punjab,2000,708,2902,492,3836,125,1825,26663
Punjab,2001,738,3023,513,3996,131,1902,27774
Punjab,2002,733,2963,551,4453,110,1928,28794
Punjab,2003,731,3198,464,4124,108,2094,28756
Punjab,2004,775,2587,463,4402,86,1766,25630
Punjab,2005,713,2924,478,4267,85,1933,27136
Punjab,2006,817,3946,591,5104,142,2277,32068
Punjab,2007,760,5173,760,5663,138,2616,35793
Punjab,2008,769,5563,718,5597,167,2621,35314
Punjab,2009,853,5624,692,5498,171,2507,35545
Punjab,2010,907,5446,789,4873,241,2661,36648
Punjab,2011,842,4784,681,4757,236,2488,34883
Punjab,2012,855,5272,919,4186,213,2828,35790
Punjab,2013,711,4885,1274,3916,141,2707,36667
Punjab,2014,767,5067,1550,3017,157,2856,37162
Punjab,2015,765,5030,1568,2998,159,2966,38870
Punjab,2016,791,5249,1570,3085,163,3094,40502
Punjab,2017,808,5252,1589,3115,168,3101,40482
Punjab,2018,806,5368,1584,3110,172,3248,42349
Punjab,2019,836,5421,1633,3102,172,3268,43268
Punjab,2020,870,5617,1659,3198,176,3299,43447
Punjab,2021,868,5564,1725,3266,177,3398,44523
Punjab,2022,867,5584,1764,3368,181,3418,46126
Punjab,2023,882,5620,1760,3516,188,3438,46872
Punjab,2024,910,5878,1742,3618,191,3464,48940
Punjab,2025,946,5977,1769,3688,196,3514,50059
Rajasthan,2000,1208,16261,2609,26385,853,6992,148977
Rajasthan,2001,1259,16939,2718,27485,889,7284,155185
Rajasthan,2002,1276,16313,2587,26519,734,6661,151248
Rajasthan,2003,1262,16456,2238,26173,655,6072,145579
Rajasthan,2004,1279,18842,2384,25947,673,5911,154859
Rajasthan,2005,1221,17898,1993,22606,590,5227,140917
Rajasthan,2006,1209,17889,1970,21296,631,5085,141992
Rajasthan,2007,1303,19345,2177,19720,778,5164,148870
Rajasthan,2008,1297,20411,2358,21117,829,4736,151174
Rajasthan,2009,1395,22144,2870,21652,886,5294,166565
Rajasthan,2010,1421,22324,2985,19247,872,4714,162957
Rajasthan,2011,1461,21099,3204,17977,727,4510,165622
Rajasthan,2012,1461,23314,3243,17614,807,4610,170948
Rajasthan,2013,1573,28928,4986,18755,1065,5783,196224
Rajasthan,2014,1637,29095,5671,1491,1301,6379,210418
Rajasthan,2015,1650,28976,5618,1534,1295,6473,216487
Rajasthan,2016,1697,30369,5602,1553,1351,6684,224242
Rajasthan,2017,1755,30665,5786,1598,1374,6893,230878
Rajasthan,2018,1786,30475,6008,1642,1377,7023,238740
Rajasthan,2019,1852,30273,6250,1663,1434,7122,239085
Rajasthan,2020,1861,31002,6390,1740,1503,7232,243122
Rajasthan,2021,1876,32100,6535,1804,1568,7509,254364
Rajasthan,2022,1869,31913,6722,1835,1579,7727,262427
Rajasthan,2023,1919,32278,6944,1849,1600,7933,275305
Rajasthan,2024,1974,32325,7003,1912,1593,8004,275680
Rajasthan,2025,2007,33705,7217,1935,1594,8047,282529
Sikkim,2000,18,71,5,33,2,72,426
Sikkim,2001,19,74,6,35,3,76,444
Sikkim,2002,13,64,9,50,5,66,485
Sikkim,2003,14,65,0,56,3,48,443
Sikkim,2004,16,73,5,78,5,64,631
Sikkim,2005,8,81,3,99,4,85,552
Sikkim,2006,21,113,8,96,9,84,703
Sikkim,2007,9,118,9,95,6,83,667
Sikkim,2008,9,127,4,100,7,81,730
Sikkim,2009,19,62,6,91,4,93,669
Sikkim,2010,17,53,6,73,7,72,552
Sikkim,2011,14,72,10,75,5,60,596
Sikkim,2012,7,117,10,91,6,65,528
Sikkim,2013,15,122,16,122,6,85,851
Sikkim,2014,12,126,20,58,13,112,1065
Sikkim,2015,12,126,20,58,13,113,1109
Sikkim,2016,12,127,20,60,12,114,1129
Sikkim,2017,12,129,20,59,12,117,1179
Sikkim,2018,12,132,20,61,12,116,1190
Sikkim,2019,11,133,20,62,12,117,1184
Sikkim,2020,11,138,20,64,12,122,1173
Sikkim,2021,11,143,20,65,12,121,1197
Sikkim,2022,11,147,20,65,12,120,1225
Sikkim,2023,10,149,20,66,12,121,1245
Sikkim,2024,10,150,20,68,12,123,1288
Sikkim,2025,10,149,20,70,12,126,1303
Tamil Nadu,2000,1595,16040,913,27291,645,5726,148608
Tamil Nadu,2001,1662,16709,952,28429,672,5965,154801
Tamil Nadu,2002,1723,18755,1001,25150,653,5533,166942
Tamil Nadu,2003,1591,18213,879,30228,514,4849,157186
Tamil Nadu,2004,1479,17530,870,30855,464,4147,166606
Tamil Nadu,2005,1440,15851,1029,31725,437,3738,162360
Tamil Nadu,2006,1363,13651,906,14067,450,3300,148972
Tamil Nadu,2007,1633,13217,1270,16967,495,3717,172754
Tamil Nadu,2008,1759,15019,1375,20529,662,3849,176833
Tamil Nadu,2009,1776,15712,1372,18147,1144,4221,174691
Tamil Nadu,2010,1875,14583,1720,21309,1817,4715,185678
Tamil Nadu,2011,1877,13924,1984,21167,2066,4848,192879
Tamil Nadu,2012,1949,11996,1945,22100,1898,4457,200474
Tamil Nadu,2013,1936,11950,1779,20984,2186,5125,203579
Tamil Nadu,2014,1805,11969,1746,1519,1969,5266,193200
Tamil Nadu,2015,1827,12135,1750,1578,2009,5322,200638
Tamil Nadu,2016,1820,12019,1740,1626,1999,5370,210429
Tamil Nadu,2017,1838,12276,1779,1625,2090,5546,218020
Tamil Nadu,2018,1873,12769,1823,1684,2142,5699,225623
Tamil Nadu,2019,1907,13052,1811,1751,2124,5866,227080
Tamil Nadu,2020,1895,12961,1826,1826,2195,5884,234151
Tamil Nadu,2021,1983,13151,1845,1895,2211,6160,243141
Tamil Nadu,2022,2077,13248,1857,1938,2302,6407,253495
Tamil Nadu,2023,2162,13837,1946,1992,2329,6547,258504
Tamil Nadu,2024,2167,13792,1979,2024,2353,6797,264883
Tamil Nadu,2025,2234,13841,1963,2006,2449,6789,267941
Telangana,2014,1308,15342,1152,1057,308,4949,106830
Telangana,2015,1351,15833,1172,1077,313,4981,108764
Telangana,2016,1368,16019,1214,1078,316,5185,113098
Telangana,2017,1367,16378,1231,1119,327,5183,118412
Telangana,2018,1411,16726,1220,1119,333,5364,121786
Telangana,2019,1415,17206,1274,1139,335,5337,124418
Telangana,2020,1412,17924,1284,1171,341,5543,123264
Telangana,2021,1446,18760,1343,1227,345,5591,124446
Telangana,2022,1510,18821,1356,1229,342,5641,129286
Telangana,2023,1581,19396,1388,1257,348,5773,134029
Telangana,2024,1628,20213,1417,1285,355,5946,132929
Telangana,2025,1625,20843,1406,1304,359,6023,136774
Tripura,2000,230,248,89,395,60,190,2688
Tripura,2001,240,259,93,412,63,198,2801
Tripura,2002,201,270,128,518,56,192,3075
Tripura,2003,254,276,146,534,69,167,3514
Tripura,2004,189,260,99,452,46,166,3081
Tripura,2005,121,325,85,429,61,170,3356
Tripura,2006,154,392,105,464,71,182,3940
Tripura,2007,138,411,113,546,64,193,4273
Tripura,2008,155,499,146,924,95,218,5336
Tripura,2009,133,415,121,1047,77,231,5486
Tripura,2010,150,457,114,1136,65,221,5805
Tripura,2011,163,494,154,1340,50,227,5803
Tripura,2012,124,565,139,1504,60,239,6264
Tripura,2013,142,533,144,1485,44,223,6210
Tripura,2014,140,369,126,1232,43,219,5499
Tripura,2015,146,379,129,1267,44,226,5499
Tripura,2016,152,390,134,1325,44,229,5477
Tripura,2017,156,406,132,1348,45,231,5432
Tripura,2018,160,413,135,1398,45,241,5486
Tripura,2019,164,426,139,1444,47,250,5580
Tripura,2020,170,422,142,1475,49,260,5729
Tripura,2021,172,440,142,1468,51,270,5948
Tripura,2022,176,443,143,1471,52,280,6224
Tripura,2023,175,465,142,1534,53,281,6331
Tripura,2024,174,482,148,1555,52,283,6319
Tripura,2025,181,503,149,1581,53,295,6598
Uttar Pradesh,2000,7296,25930,4156,17103,3672,8074,171003
Uttar Pradesh,2001,7601,27011,4330,17816,3825,8411,178129
Uttar Pradesh,2002,6825,22419,3430,13947,2840,6126,146037
Uttar Pradesh,2003,5284,15751,2208,7760,1988,4016,95073
Uttar Pradesh,2004,6126,22524,3337,11265,2606,5299,130181
Uttar Pradesh,2005,5711,20695,2955,10379,2049,4556,122108
Uttar Pradesh,2006,5480,20447,3318,10412,2024,4577,127001
Uttar Pradesh,2007,5000,22816,4478,10694,2169,5057,150258
Uttar Pradesh,2008,4564,25946,5428,11683,2097,5418,168996
Uttar Pradesh,2009,4534,29226,6083,10934,2285,5260,172884
Uttar Pradesh,2010,4401,31153,6321,10336,2577,4915,174179
Uttar Pradesh,2011,4951,36683,8500,12234,3148,5765,195135
Uttar Pradesh,2012,4966,37376,8878,12290,3159,6187,198093
Uttar Pradesh,2013,5047,41949,11183,12398,3591,6683,226445
Uttar Pradesh,2014,5150,48380,12361,10867,3920,6921,240475
Uttar Pradesh,2015,5246,50202,12764,11312,3938,6993,251279
Uttar Pradesh,2016,5445,52418,13296,11766,4100,7160,260719
Uttar Pradesh,2017,5536,53062,13633,12234,4241,7168,269501
Uttar Pradesh,2018,5750,55403,13569,12360,4417,7498,274090
Uttar Pradesh,2019,5876,55990,14040,12554,4500,7641,283600
Uttar Pradesh,2020,5831,57589,14167,12870,4722,7714,290772
Uttar Pradesh,2021,5998,57107,14132,13480,4886,8008,297134
Uttar Pradesh,2022,6193,56834,14353,13357,5020,8003,303236
Uttar Pradesh,2023,6272,57926,14445,13976,4981,8371,313661
Uttar Pradesh,2024,6556,59828,15142,14137,5183,8642,327280
Uttar Pradesh,2025,6602,60556,15469,14635,5217,8572,326647
Uttarakhand,2000,303,1362,175,796,183,511,7750
Uttarakhand,2001,316,1419,183,830,191,533,8073
Uttarakhand,2002,292,1365,198,760,177,554,7976
Uttarakhand,2003,268,1368,171,687,160,557,7923
Uttarakhand,2004,262,1597,213,865,165,566,8634
Uttarakhand,2005,279,1630,203,745,159,521,8033
Uttarakhand,2006,274,1696,212,854,157,470,8412
Uttarakhand,2007,268,1593,253,886,173,548,9599
Uttarakhand,2008,223,1622,247,937,144,423,8856
Uttarakhand,2009,195,1601,275,1198,179,363,8802
Uttarakhand,2010,176,2138,286,974,162,310,9240
Uttarakhand,2011,178,2093,314,852,179,342,8774
Uttarakhand,2012,217,1913,297,1022,144,391,8882
Uttarakhand,2013,197,1596,1032,1011,138,248,9546
Uttarakhand,2014,218,1737,691,181,155,323,9156
Uttarakhand,2015,216,1801,717,180,155,328,9078
Uttarakhand,2016,222,1839,726,180,159,341,9314
Uttarakhand,2017,227,1894,720,179,161,356,9605
Uttarakhand,2018,226,1963,714,182,159,364,9915
Uttarakhand,2019,225,2021,742,185,162,360,10117
Uttarakhand,2020,229,2024,777,185,167,369,10218
Uttarakhand,2021,227,2081,774,184,170,366,10565
Uttarakhand,2022,234,2147,812,187,169,363,10837
Uttarakhand,2023,245,2204,814,187,168,363,11153
Uttarakhand,2024,256,2188,826,189,176,375,11356
Uttarakhand,2025,260,2249,831,191,183,392,11858
West Bengal,2000,1530,13675,840,3511,633,408,59100
West Bengal,2001,1594,14245,875,3658,660,426,61563
West Bengal,2002,1444,12449,831,3112,544,348,58962
West Bengal,2003,1425,12613,902,4172,598,342,61174
West Bengal,2004,1425,14465,1200,3867,535,547,69350
West Bengal,2005,1453,12124,1207,4125,426,739,66406
West Bengal,2006,1425,12532,1355,6299,426,601,68052
West Bengal,2007,1652,13747,1800,6909,427,399,81102
West Bengal,2008,1811,17334,2332,9033,613,462,105419
West Bengal,2009,2068,17133,2750,11196,751,329,113036
West Bengal,2010,2398,19389,3345,12764,798,388,129616
West Bengal,2011,2109,21446,4285,13094,760,455,143197
West Bengal,2012,2252,22991,5117,15923,816,464,161427
West Bengal,2013,2264,22904,4573,18159,647,440,169535
West Bengal,2014,2370,22915,7285,18236,606,359,193048
West Bengal,2015,2437,22749,7591,18556,609,367,194082
West Bengal,2016,2499,22591,7742,19403,621,384,194816
West Bengal,2017,2508,22670,8013,19498,621,394,193619
West Bengal,2018,2610,22491,8365,19710,640,412,200742
West Bengal,2019,2737,23363,8337,20001,643,421,204123
West Bengal,2020,2816,24075,8513,20533,656,424,207907
West Bengal,2021,2812,24799,8729,20612,651,442,205899
West Bengal,2022,2943,24677,9006,21209,650,444,215012
West Bengal,2023,3049,25444,8927,21127,649,445,214856
West Bengal,2024,3087,25260,9114,21316,671,446,214113
West Bengal,2025,3069,25873,9447,21716,697,448,221786
