Year,Region,Murder,Theft,Kidnapping,Assault,Robbery,Burglary,Total
2000,All India,33962,265948,43665,271696,116441,97034,828746
2000,Andhra Pradesh,1340,10084,1724,10727,4597,3831,32303
2000,Arunachal Pradesh,183,1820,236,1471,630,525,4865
2000,Assam,179,1594,231,1438,616,513,4571
2000,Bihar,1638,15784,2106,13104,5616,4680,42928
2000,Chhattisgarh,166,1564,214,1333,571,476,4324
2000,Goa,169,1621,217,1355,581,484,4427
2000,Gujarat,1329,11509,1709,10634,4557,3798,33536
2000,Haryana,749,5825,963,5995,2569,2141,18242
2000,Himachal Pradesh,166,1415,213,1331,570,475,4170
2000,Jharkhand,161,1235,207,1291,553,461,3908
2000,Karnataka,1304,11311,1677,10435,4472,3727,32926
2000,Kerala,2978,22124,3829,23829,10212,8510,71482
2000,Madhya Pradesh,2717,20198,3494,21742,9318,7765,65234
2000,Maharashtra,3499,31893,4499,27999,11999,9999,89888
2000,Manipur,161,1273,207,1289,552,460,3942
2000,Meghalaya,167,1460,215,1338,573,477,4230
2000,Mizoram,169,1450,217,1354,580,483,4253
2000,Nagaland,170,1451,219,1365,585,487,4277
2000,Odisha,185,1874,239,1487,637,531,4953
2000,Punjab,550,4005,707,4402,1886,1572,13122
2000,Rajasthan,1788,14542,2299,14310,6133,5110,44182
2000,Sikkim,178,1806,229,1425,611,509,4758
2000,Tamil Nadu,2196,17986,2823,17568,7529,6274,54376
2000,Telangana,167,1406,215,1342,575,479,4184
2000,Tripura,184,1425,237,1477,633,527,4483
2000,Uttar Pradesh,4460,37835,5734,35680,15291,12742,111742
2000,Uttarakhand,163,1463,210,1310,561,468,4175
2000,West Bengal,1434,12897,1843,11472,4916,4097,36659
2000,Andaman & Nicobar Islands,177,1359,228,1418,608,506,4296
2000,Chandigarh,166,1587,213,1329,569,474,4338
2000,Dadra & Nagar Haveli,169,1509,217,1352,579,482,4308
2000,Lakshadweep,163,1343,210,1311,561,468,4056
2000,Delhi,2187,22091,2813,17503,7501,6251,58346
2000,Puducherry,172,1251,221,1376,589,491,4100
2000,Ladakh,180,1582,232,1447,620,517,4578
2000,Jammu & Kashmir,168,1684,216,1349,578,482,4477
2001,All India,35288,261370,45370,282307,120989,100824,846148
2001,Andhra Pradesh,1484,11764,1908,11877,5090,4242,36365
2001,Arunachal Pradesh,171,1188,220,1374,588,490,4031
2001,Assam,170,1305,219,1367,586,488,4135
2001,Bihar,1822,15530,2343,14583,6250,5208,45736
2001,Chhattisgarh,169,1359,218,1358,582,485,4171
2001,Goa,181,1441,232,1449,621,517,4441
2001,Gujarat,1338,11499,1720,10704,4587,3822,33670
2001,Haryana,712,7203,916,5701,2443,2036,19011
2001,Himachal Pradesh,166,1495,214,1332,571,475,4253
2001,Jharkhand,180,1633,231,1440,617,514,4615
2001,Karnataka,1330,13629,1711,10646,4562,3802,35680
2001,Kerala,2812,26892,3615,22496,9641,8034,73490
2001,Madhya Pradesh,2987,25649,3840,23899,10242,8535,75152
2001,Maharashtra,3625,28439,4661,29005,12430,10359,88519
2001,Manipur,168,1705,216,1348,578,481,4496
2001,Meghalaya,170,1422,219,1365,585,487,4248
2001,Mizoram,167,1502,215,1342,575,479,4280
2001,Nagaland,182,1795,234,1461,626,522,4820
2001,Odisha,167,1316,215,1339,574,478,4089
2001,Punjab,529,4460,680,4235,1815,1512,13231
2001,Rajasthan,1862,18794,2394,14897,6384,5320,49651
2001,Sikkim,172,1657,221,1381,591,493,4515
2001,Tamil Nadu,2272,19706,2922,18183,7793,6494,57370
2001,Telangana,186,1744,240,1494,640,533,4837
2001,Tripura,170,1741,219,1363,584,487,4564
2001,Uttar Pradesh,4186,39996,5383,33495,14355,11962,109377
2001,Uttarakhand,172,1385,221,1379,591,492,4240
2001,West Bengal,1347,12556,1732,10778,4619,3849,34881
2001,Andaman & Nicobar Islands,182,1373,235,1463,627,522,4402
2001,Chandigarh,171,1401,220,1374,589,490,4245
2001,Dadra & Nagar Haveli,167,1704,215,1343,575,479,4483
2001,Lakshadweep,178,1551,229,1430,613,510,4511
2001,Delhi,2254,21592,2898,18034,7729,6441,58948
2001,Puducherry,179,1295,230,1436,615,513,4268
2001,Ladakh,164,1183,211,1315,563,469,3905
2001,Jammu & Kashmir,170,1537,219,1366,585,488,4365
2002,All India,35652,304795,45838,285218,122236,101863,895602
2002,Andhra Pradesh,1439,12635,1851,11518,4936,4113,36492
2002,Arunachal Pradesh,192,1861,247,1538,659,549,5046
2002,Assam,193,1507,248,1546,662,552,4708
2002,Bihar,1867,17214,2401,14940,6403,5336,48161
2002,Chhattisgarh,186,1291,239,1493,639,533,4381
2002,Goa,187,1633,240,1499,642,535,4736
2002,Gujarat,1466,14934,1885,11730,5027,4189,39231
2002,Haryana,717,5420,922,5742,2460,2050,17311
2002,Himachal Pradesh,189,1334,243,1513,648,540,4467
2002,Jharkhand,182,1778,235,1462,626,522,4805
2002,Karnataka,1342,13350,1726,10741,4603,3836,35598
2002,Kerala,3109,29604,3998,24878,10662,8885,81136
2002,Madhya Pradesh,3054,23791,3927,24439,10474,8728,74413
2002,Maharashtra,3813,34235,4903,30510,13075,10896,97432
2002,Manipur,194,1621,249,1552,665,554,4835
2002,Meghalaya,178,1598,229,1427,611,509,4552
2002,Mizoram,170,1512,219,1363,584,487,4335
2002,Nagaland,177,1512,227,1417,607,506,4446
2002,Odisha,194,1616,249,1554,666,555,4834
2002,Punjab,556,5227,716,4455,1909,1591,14454
2002,Rajasthan,1778,17128,2286,14229,6098,5082,46601
2002,Sikkim,192,1777,247,1541,660,550,4967
2002,Tamil Nadu,2194,16086,2821,17556,7524,6270,52451
2002,Telangana,167,1302,215,1342,575,479,4080
2002,Tripura,172,1578,222,1382,592,493,4439
2002,Uttar Pradesh,4247,34092,5461,33983,14564,12137,104484
2002,Uttarakhand,173,1628,223,1390,595,496,4505
2002,West Bengal,1339,10781,1722,10719,4594,3828,32983
2002,Andaman & Nicobar Islands,171,1282,220,1369,586,489,4117
2002,Chandigarh,185,1647,238,1486,636,530,4722
2002,Dadra & Nagar Haveli,189,1588,244,1518,650,542,4731
2002,Lakshadweep,184,1662,237,1476,632,527,4718
2002,Delhi,2098,17522,2698,16787,7194,5995,52294
2002,Puducherry,177,1637,228,1420,608,507,4577
2002,Ladakh,178,1719,229,1425,610,509,4670
2002,Jammu & Kashmir,174,1401,224,1395,597,498,4289
2003,All India,37406,369786,48094,299252,128251,106875,989664
2003,Andhra Pradesh,1369,9651,1760,10956,4695,3913,32344
2003,Arunachal Pradesh,179,1369,230,1433,614,511,4336
2003,Assam,181,1629,233,1452,622,518,4635
2003,Bihar,1801,13753,2316,14415,6178,5148,43611
2003,Chhattisgarh,194,1747,250,1558,667,556,4972
2003,Goa,193,1765,249,1551,665,554,4977
2003,Gujarat,1393,13469,1791,11149,4778,3981,36561
2003,Haryana,732,6777,942,5863,2512,2094,18920
2003,Himachal Pradesh,183,1855,236,1470,630,525,4899
2003,Jharkhand,172,1419,221,1379,591,492,4274
2003,Karnataka,1459,14472,1876,11675,5003,4169,38654
2003,Kerala,2701,21466,3473,21612,9262,7718,66232
2003,Madhya Pradesh,2744,22237,3529,21959,9411,7842,67722
2003,Maharashtra,3863,30779,4967,30908,13246,11038,94801
2003,Manipur,170,1446,218,1360,583,486,4263
2003,Meghalaya,194,1549,249,1552,665,554,4763
2003,Mizoram,170,1507,218,1360,582,485,4322
2003,Nagaland,196,1899,253,1574,674,562,5158
2003,Odisha,176,1629,227,1412,605,504,4553
2003,Punjab,535,3715,688,4285,1836,1530,12589
2003,Rajasthan,1689,11686,2172,13515,5792,4827,39681
2003,Sikkim,190,1810,244,1521,652,543,4960
2003,Tamil Nadu,2096,16530,2694,16768,7186,5988,51262
2003,Telangana,172,1548,222,1383,592,493,4410
2003,Tripura,184,1649,237,1478,633,528,4709
2003,Uttar Pradesh,4410,32319,5670,35283,15121,12601,105404
2003,Uttarakhand,185,1833,237,1480,634,528,4897
2003,West Bengal,1555,11489,1999,12440,5331,4443,37257
2003,Andaman & Nicobar Islands,192,1841,247,1540,660,550,5030
2003,Chandigarh,179,1679,230,1434,614,512,4648
2003,Dadra & Nagar Haveli,197,1816,253,1578,676,563,5083
2003,Lakshadweep,192,1905,247,1540,660,550,5094
2003,Delhi,2108,18706,2710,16865,7227,6023,53639
2003,Puducherry,178,1473,229,1428,612,510,4430
2003,Ladakh,192,1339,247,1537,659,549,4523
2003,Jammu & Kashmir,170,1496,219,1365,585,487,4322
2004,All India,38406,288475,49380,307254,131680,109733,924928
2004,Andhra Pradesh,1588,14473,2041,12704,5444,4537,40787
2004,Arunachal Pradesh,171,1342,219,1368,586,488,4174
2004,Assam,182,1767,234,1456,624,520,4783
2004,Bihar,1911,17206,2457,15293,6554,5461,48882
2004,Chhattisgarh,196,1562,253,1575,675,562,4823
2004,Goa,194,1798,250,1555,666,555,5018
2004,Gujarat,1597,11010,2053,12777,5476,4563,37476
2004,Haryana,718,6131,923,5746,2462,2052,18032
2004,Himachal Pradesh,183,1642,236,1469,629,524,4683
2004,Jharkhand,177,1632,228,1420,608,507,4572
2004,Karnataka,1416,10442,1820,11328,4855,4046,33907
2004,Kerala,2951,30299,3794,23608,10118,8431,79201
2004,Madhya Pradesh,2881,24352,3705,23053,9880,8233,72104
2004,Maharashtra,3617,26062,4651,28943,12404,10337,86014
2004,Manipur,193,1353,249,1549,664,553,4561
2004,Meghalaya,192,1366,248,1543,661,551,4561
2004,Mizoram,184,1696,236,1473,631,526,4746
2004,Nagaland,184,1842,236,1474,631,526,4893
2004,Odisha,189,1825,243,1513,648,540,4958
2004,Punjab,565,4752,727,4525,1939,1616,14124
2004,Rajasthan,1768,13906,2273,14145,6062,5051,43205
2004,Sikkim,184,1458,237,1478,633,528,4518
2004,Tamil Nadu,2170,19294,2790,17364,7442,6201,55261
2004,Telangana,175,1781,225,1403,601,501,4686
2004,Tripura,187,1641,240,1496,641,534,4739
2004,Uttar Pradesh,4422,31121,5685,35379,15162,12635,104404
2004,Uttarakhand,173,1426,222,1387,594,495,4297
2004,West Bengal,1538,14543,1978,12307,5274,4395,40035
2004,Andaman & Nicobar Islands,197,1821,254,1583,678,565,5098
2004,Chandigarh,196,1733,252,1570,672,560,4983
2004,Dadra & Nagar Haveli,198,1776,255,1588,680,567,5064
2004,Lakshadweep,175,1613,225,1402,601,501,4517
2004,Delhi,2369,17004,3046,18954,8123,6769,56265
2004,Puducherry,170,1738,219,1366,585,488,4566
2004,Ladakh,183,1306,236,1470,630,525,4350
2004,Jammu & Kashmir,196,1792,253,1575,675,562,5053
2005,All India,40183,335155,51664,321467,137771,114809,1001049
2005,Andhra Pradesh,1581,11015,2032,12648,5420,4517,37213
2005,Arunachal Pradesh,174,1632,224,1399,599,499,4527
2005,Assam,179,1553,231,1437,616,513,4529
2005,Bihar,1929,15000,2481,15439,6616,5514,46979
2005,Chhattisgarh,185,1353,238,1485,636,530,4427
2005,Goa,187,1396,240,1497,641,534,4495
2005,Gujarat,1592,12287,2047,12739,5459,4549,38673
2005,Haryana,792,7112,1019,6343,2718,2265,20249
2005,Himachal Pradesh,199,1783,256,1595,683,569,5085
2005,Jharkhand,187,1396,241,1500,642,535,4501
2005,Karnataka,1525,11714,1961,12204,5230,4358,36992
2005,Kerala,2860,23757,3677,22883,9807,8172,71156
2005,Madhya Pradesh,2824,19673,3631,22595,9683,8069,66475
2005,Maharashtra,3941,29655,5067,31529,13512,11260,94964
2005,Manipur,195,1928,250,1561,669,557,5160
2005,Meghalaya,190,1494,244,1523,653,544,4648
2005,Mizoram,174,1241,224,1394,597,498,4128
2005,Nagaland,196,1410,253,1574,674,562,4669
2005,Odisha,188,1654,242,1511,647,539,4781
2005,Punjab,545,5461,701,4365,1871,1559,14502
2005,Rajasthan,1875,15698,2410,15001,6429,5357,46770
2005,Sikkim,196,1882,252,1573,674,562,5139
2005,Tamil Nadu,2305,22953,2964,18447,7906,6588,61163
2005,Telangana,199,1625,256,1597,684,570,4931
2005,Tripura,175,1484,225,1404,601,501,4390
2005,Uttar Pradesh,4844,45192,6228,38754,16609,13840,125467
2005,Uttarakhand,180,1700,232,1445,619,516,4692
2005,West Bengal,1580,13511,2032,12647,5420,4517,39707
2005,Andaman & Nicobar Islands,187,1708,240,1497,641,534,4807
2005,Chandigarh,194,1346,250,1556,667,556,4569
2005,Dadra & Nagar Haveli,178,1349,229,1425,610,509,4300
2005,Lakshadweep,184,1808,237,1479,634,528,4870
2005,Delhi,2078,15917,2672,16626,7125,5938,50356
2005,Puducherry,194,1786,250,1559,668,556,5013
2005,Ladakh,193,1516,248,1545,662,551,4715
2005,Jammu & Kashmir,173,1750,223,1390,596,496,4628
2006,All India,36313,304780,46688,290509,124503,103753,906546
2006,Andhra Pradesh,1587,15162,2040,12696,5441,4534,41460
2006,Arunachal Pradesh,199,1478,256,1598,684,570,4785
2006,Assam,180,1303,232,1444,619,515,4293
2006,Bihar,1817,15196,2337,14543,6233,5194,45320
2006,Chhattisgarh,198,1561,255,1591,681,568,4854
2006,Goa,204,1836,263,1636,701,584,5224
2006,Gujarat,1605,13704,2063,12840,5502,4585,40299
2006,Haryana,701,5502,902,5615,2406,2005,17131
2006,Himachal Pradesh,180,1447,232,1445,619,516,4439
2006,Jharkhand,180,1637,231,1442,618,515,4623
2006,Karnataka,1530,12247,1968,12245,5248,4373,37611
2006,Kerala,2991,27173,3845,23930,10255,8546,76740
2006,Madhya Pradesh,3140,30619,4037,25123,10767,8972,82658
2006,Maharashtra,4086,29366,5253,32689,14009,11674,97077
2006,Manipur,181,1523,233,1452,622,518,4529
2006,Meghalaya,180,1517,232,1444,618,515,4506
2006,Mizoram,197,1372,253,1577,675,563,4637
2006,Nagaland,197,1428,253,1579,676,564,4697
2006,Odisha,190,1328,245,1524,653,544,4484
2006,Punjab,574,4183,738,4596,1969,1641,13701
2006,Rajasthan,1852,17304,2381,14817,6350,5291,47995
2006,Sikkim,202,1598,260,1621,694,579,4954
2006,Tamil Nadu,2401,20546,3087,19208,8232,6860,60334
2006,Telangana,182,1638,234,1460,625,521,4660
2006,Tripura,179,1487,230,1434,614,512,4456
2006,Uttar Pradesh,4618,32459,5938,36948,15834,13195,108992
2006,Uttarakhand,199,1577,256,1598,684,570,4884
2006,West Bengal,1607,11293,2067,12862,5512,4593,37934
2006,Andaman & Nicobar Islands,184,1841,237,1475,632,526,4895
2006,Chandigarh,189,1549,244,1519,651,542,4694
2006,Dadra & Nagar Haveli,198,1584,254,1584,678,565,4863
2006,Lakshadweep,200,1794,257,1603,687,572,5113
2006,Delhi,2269,22921,2918,18159,7782,6485,60534
2006,Puducherry,188,1839,242,1511,647,539,4966
2006,Ladakh,180,1504,232,1444,619,516,4495
2006,Jammu & Kashmir,184,1734,237,1478,633,528,4794
2007,All India,41667,373475,53573,333343,142861,119051,1063970
2007,Andhra Pradesh,1529,15393,1966,12237,5244,4370,40739
2007,Arunachal Pradesh,203,1715,261,1624,696,580,5079
2007,Assam,206,1877,265,1654,708,590,5300
2007,Bihar,1866,18741,2399,14932,6399,5332,49669
2007,Chhattisgarh,203,1863,261,1629,698,581,5235
2007,Goa,185,1704,238,1486,637,530,4780
2007,Gujarat,1584,12228,2037,12679,5434,4528,38490
2007,Haryana,781,7083,1004,6251,2679,2232,20030
2007,Himachal Pradesh,183,1414,235,1467,629,524,4452
2007,Jharkhand,197,1973,253,1580,677,564,5244
2007,Karnataka,1458,11032,1875,11671,5002,4168,35206
2007,Kerala,3338,33442,4292,26710,11447,9539,88768
2007,Madhya Pradesh,3200,23082,4114,25604,10973,9144,76117
2007,Maharashtra,3802,34271,4889,30423,13038,10865,97288
2007,Manipur,199,1502,257,1599,685,571,4813
2007,Meghalaya,205,1857,263,1641,703,586,5255
2007,Mizoram,190,1650,244,1520,651,542,4797
2007,Nagaland,191,1782,246,1532,656,547,4954
2007,Odisha,187,1927,241,1501,643,536,5035
2007,Punjab,569,4625,731,4554,1951,1626,14056
2007,Rajasthan,1938,16949,2492,15509,6646,5539,49073
2007,Sikkim,197,1423,254,1582,678,565,4699
2007,Tamil Nadu,2290,18499,2945,18327,7854,6545,56460
2007,Telangana,181,1816,232,1449,621,517,4816
2007,Tripura,182,1763,235,1462,626,522,4790
2007,Uttar Pradesh,4504,44014,5791,36034,15443,12869,118655
2007,Uttarakhand,189,1841,243,1513,648,540,4974
2007,West Bengal,1653,13820,2126,13231,5670,4725,41225
2007,Andaman & Nicobar Islands,200,1478,258,1607,688,574,4805
2007,Chandigarh,183,1446,235,1464,627,522,4477
2007,Dadra & Nagar Haveli,189,1758,244,1519,651,542,4903
2007,Lakshadweep,194,1898,250,1556,666,555,5119
2007,Delhi,2455,19208,3157,19646,8419,7016,59901
2007,Puducherry,191,1854,245,1529,655,546,5020
2007,Ladakh,199,1994,256,1596,684,570,5299
2007,Jammu & Kashmir,187,1524,240,1499,642,535,4627
2008,All India,38294,287028,49235,306354,131294,109412,921617
2008,Andhra Pradesh,1652,15813,2124,13221,5666,4721,43197
2008,Arunachal Pradesh,185,1536,239,1487,637,531,4615
2008,Assam,203,1558,261,1625,696,580,4923
2008,Bihar,1890,17237,2430,15121,6480,5400,48558
2008,Chhattisgarh,181,1443,233,1454,623,519,4453
2008,Goa,192,1710,246,1536,658,548,4890
2008,Gujarat,1566,11847,2014,12532,5371,4475,37805
2008,Haryana,805,6456,1035,6444,2761,2301,19802
2008,Himachal Pradesh,196,1557,252,1568,672,560,4805
2008,Jharkhand,181,1283,233,1452,622,518,4289
2008,Karnataka,1650,11387,2122,13206,5659,4716,38740
2008,Kerala,2972,25755,3822,23783,10192,8493,75017
2008,Madhya Pradesh,3042,24983,3911,24338,10430,8692,75396
2008,Maharashtra,4215,40953,5419,33720,14451,12042,110800
2008,Manipur,188,1304,242,1506,645,537,4422
2008,Meghalaya,195,1641,251,1561,669,557,4874
2008,Mizoram,192,1442,247,1540,660,550,4631
2008,Nagaland,198,1965,254,1586,679,566,5248
2008,Odisha,191,1938,246,1533,657,547,5112
2008,Punjab,568,4331,731,4551,1950,1625,13756
2008,Rajasthan,2106,16830,2707,16848,7220,6017,51728
2008,Sikkim,190,1890,244,1523,652,543,5042
2008,Tamil Nadu,2233,16970,2872,17871,7659,6382,53987
2008,Telangana,193,1398,248,1546,662,552,4599
2008,Tripura,197,1970,253,1576,675,563,5234
2008,Uttar Pradesh,5046,51166,6487,40369,17301,14417,134786
2008,Uttarakhand,208,1832,267,1665,713,594,5279
2008,West Bengal,1611,11745,2072,12895,5526,4605,38454
2008,Andaman & Nicobar Islands,199,1987,255,1592,682,568,5283
2008,Chandigarh,197,1572,254,1582,678,565,4848
2008,Dadra & Nagar Haveli,205,1642,264,1644,704,587,5046
2008,Lakshadweep,180,1415,232,1446,619,516,4408
2008,Delhi,2261,18288,2907,18093,7754,6461,55764
2008,Puducherry,203,1921,261,1625,696,580,5286
2008,Ladakh,208,1825,267,1667,714,595,5276
2008,Jammu & Kashmir,182,1369,234,1461,626,522,4394
2009,All India,42715,417024,54920,341726,146454,122045,1124884
2009,Andhra Pradesh,1597,16148,2054,12782,5478,4565,42624
2009,Arunachal Pradesh,188,1783,242,1509,646,539,4907
2009,Assam,205,1515,264,1647,705,588,4924
2009,Bihar,2070,16489,2662,16565,7099,5916,50801
2009,Chhattisgarh,186,1457,240,1494,640,533,4550
2009,Goa,196,1599,252,1570,673,560,4850
2009,Gujarat,1567,15968,2015,12539,5374,4478,41941
2009,Haryana,786,6937,1011,6295,2698,2248,19975
2009,Himachal Pradesh,189,1460,243,1513,648,540,4593
2009,Jharkhand,207,1742,266,1659,711,592,5177
2009,Karnataka,1505,12471,1936,12047,5163,4302,37424
2009,Kerala,2931,25624,3769,23451,10050,8375,74200
2009,Madhya Pradesh,3201,22485,4116,25611,10976,9146,75535
2009,Maharashtra,3670,27816,4718,29360,12582,10485,88631
2009,Manipur,201,1574,259,1614,691,576,4915
2009,Meghalaya,187,1444,241,1502,643,536,4553
2009,Mizoram,212,2009,273,1700,728,607,5529
2009,Nagaland,204,1725,263,1637,701,584,5114
2009,Odisha,197,1450,254,1582,678,565,4726
2009,Punjab,554,4711,712,4432,1899,1582,13890
2009,Rajasthan,2095,17952,2694,16762,7184,5986,52673
2009,Sikkim,183,1464,236,1470,630,525,4508
2009,Tamil Nadu,2491,24742,3202,19929,8541,7117,66022
2009,Telangana,198,1454,255,1588,680,567,4742
2009,Tripura,206,1618,265,1652,708,590,5039
2009,Uttar Pradesh,4653,47478,5982,37224,15953,13294,124584
2009,Uttarakhand,195,1777,251,1565,670,558,5016
2009,West Bengal,1596,12498,2052,12769,5472,4560,38947
2009,Andaman & Nicobar Islands,188,1644,241,1504,644,537,4758
2009,Chandigarh,197,1982,254,1582,678,565,5258
2009,Dadra & Nagar Haveli,188,1381,241,1504,644,537,4495
2009,Lakshadweep,184,1470,237,1476,632,527,4526
2009,Delhi,2392,20108,3076,19140,8203,6835,59754
2009,Puducherry,185,1283,237,1480,634,528,4347
2009,Ladakh,192,1934,247,1541,660,550,5124
2009,Jammu & Kashmir,196,2021,253,1575,675,562,5282
2010,All India,40957,283132,52659,327656,140424,117020,961848
2010,Andhra Pradesh,1710,14392,2199,13687,5866,4888,42742
2010,Arunachal Pradesh,209,1586,269,1676,718,598,5056
2010,Assam,194,1462,250,1558,668,556,4688
2010,Bihar,2068,14525,2659,16549,7092,5910,48803
2010,Chhattisgarh,199,1963,256,1595,683,569,5265
2010,Goa,213,2097,274,1708,732,610,5634
2010,Gujarat,1529,15268,1966,12236,5244,4370,40613
2010,Haryana,839,8460,1078,6713,2877,2397,22364
2010,Himachal Pradesh,190,1724,244,1523,652,543,4876
2010,Jharkhand,210,1512,270,1682,721,601,4996
2010,Karnataka,1503,12753,1933,12031,5156,4297,37673
2010,Kerala,3009,22105,3868,24072,10316,8597,71967
2010,Madhya Pradesh,3038,23477,3906,24305,10416,8680,73822
2010,Maharashtra,4190,41367,5388,33526,14368,11973,110812
2010,Manipur,198,1717,255,1586,680,566,5002
2010,Meghalaya,214,1857,275,1715,735,612,5408
2010,Mizoram,208,1685,268,1671,716,597,5145
2010,Nagaland,200,1744,258,1607,689,574,5072
2010,Odisha,210,1949,271,1686,722,602,5440
2010,Punjab,611,6191,785,4889,2095,1746,16317
2010,Rajasthan,2058,20791,2646,16469,7058,5881,54903
2010,Sikkim,216,2075,278,1733,743,619,5664
2010,Tamil Nadu,2302,23410,2960,18421,7894,6578,61565
2010,Telangana,216,1692,278,1731,741,618,5276
2010,Tripura,207,2069,266,1660,711,592,5505
2010,Uttar Pradesh,5010,44628,6442,40087,17180,14317,127664
2010,Uttarakhand,211,1752,271,1688,723,603,5248
2010,West Bengal,1694,13299,2178,13555,5809,4841,41376
2010,Andaman & Nicobar Islands,192,1782,247,1537,658,549,4965
2010,Chandigarh,189,1387,244,1519,651,542,4532
2010,Dadra & Nagar Haveli,190,1752,245,1524,653,544,4908
2010,Lakshadweep,203,1858,261,1628,697,581,5228
2010,Delhi,2416,20283,3107,19334,8286,6905,60331
2010,Puducherry,194,1658,250,1556,667,555,4880
2010,Ladakh,186,1460,239,1489,638,531,4543
2010,Jammu & Kashmir,196,1546,252,1569,672,560,4795
2011,All India,43715,303528,56205,349720,149880,124900,1027948
2011,Andhra Pradesh,1513,11310,1945,12106,5188,4323,36385
2011,Arunachal Pradesh,193,1560,248,1545,662,551,4759
2011,Assam,192,1433,247,1542,661,550,4625
2011,Bihar,2153,16075,2768,17228,7383,6153,51760
2011,Chhattisgarh,192,1790,247,1537,658,548,4972
2011,Goa,205,1500,263,1640,703,585,4896
2011,Gujarat,1501,12515,1930,12010,5147,4289,37392
2011,Haryana,837,5924,1076,6699,2871,2392,19799
2011,Himachal Pradesh,198,1871,254,1586,679,566,5154
2011,Jharkhand,204,1863,262,1635,700,584,5248
2011,Karnataka,1745,17493,2243,13960,5982,4985,46408
2011,Kerala,3507,31650,4509,28061,12026,10021,89774
2011,Madhya Pradesh,3486,28092,4482,27890,11953,9961,85864
2011,Maharashtra,4397,40047,5653,35177,15076,12563,112913
2011,Manipur,207,1999,267,1662,712,593,5440
2011,Meghalaya,205,1928,264,1644,704,587,5332
2011,Mizoram,211,1784,272,1693,725,604,5289
2011,Nagaland,211,1979,272,1694,726,605,5487
2011,Odisha,197,1390,254,1583,678,565,4667
2011,Punjab,629,6297,808,5033,2157,1797,16721
2011,Rajasthan,2031,20589,2611,16252,6965,5804,54252
2011,Sikkim,195,1479,250,1560,668,557,4709
2011,Tamil Nadu,2335,21337,3002,18683,8007,6672,60036
2011,Telangana,205,1423,264,1645,705,587,4829
2011,Tripura,189,1921,243,1516,650,541,5060
2011,Uttar Pradesh,4533,46430,5828,36268,15543,12952,121554
2011,Uttarakhand,206,1447,265,1653,708,590,4869
2011,West Bengal,1716,15491,2207,13735,5886,4905,43940
2011,Andaman & Nicobar Islands,215,1855,276,1720,737,614,5417
2011,Chandigarh,192,1581,248,1543,661,551,4776
2011,Dadra & Nagar Haveli,211,1993,271,1688,723,602,5488
2011,Lakshadweep,200,1506,257,1601,686,571,4821
2011,Delhi,2531,19055,3254,20251,8679,7232,61002
2011,Puducherry,216,1675,278,1733,742,618,5262
2011,Ladakh,219,1738,281,1753,751,626,5368
2011,Jammu & Kashmir,203,2003,261,1628,698,581,5374
2012,All India,44170,373212,56790,353361,151440,126200,1105173
2012,Andhra Pradesh,1587,15320,2040,12697,5441,4534,41619
2012,Arunachal Pradesh,218,1976,280,1747,748,624,5593
2012,Assam,190,1758,245,1524,653,544,4914
2012,Bihar,2104,16025,2706,16838,7216,6013,50902
2012,Chhattisgarh,191,1489,246,1534,657,547,4664
2012,Goa,196,1785,252,1569,672,560,5034
2012,Gujarat,1747,16872,2246,13977,5990,4992,45824
2012,Haryana,812,7302,1044,6496,2784,2320,20758
2012,Himachal Pradesh,194,1793,250,1559,668,556,5020
2012,Jharkhand,208,1906,267,1667,714,595,5357
2012,Karnataka,1601,14529,2059,12815,5492,4577,41073
2012,Kerala,3436,33758,4418,27494,11783,9819,90708
2012,Madhya Pradesh,3199,22049,4113,25598,10970,9142,75071
2012,Maharashtra,4170,37445,5362,33366,14299,11916,106558
2012,Manipur,194,1710,249,1553,665,554,4925
2012,Meghalaya,197,1675,254,1583,678,565,4952
2012,Mizoram,219,2249,282,1759,754,628,5891
2012,Nagaland,213,1623,274,1705,731,609,5155
2012,Odisha,218,2010,281,1749,749,624,5631
2012,Punjab,619,6136,796,4953,2122,1769,16395
2012,Rajasthan,1982,14832,2549,15862,6798,5665,47688
2012,Sikkim,213,1817,274,1710,733,610,5357
2012,Tamil Nadu,2407,20783,3095,19262,8255,6879,60681
2012,Telangana,219,2237,281,1752,751,625,5865
2012,Tripura,198,1467,255,1587,680,566,4753
2012,Uttar Pradesh,5031,41576,6469,40254,17252,14376,124958
2012,Uttarakhand,190,1362,245,1527,654,545,4523
2012,West Bengal,1565,11546,2012,12523,5367,4472,37485
2012,Andaman & Nicobar Islands,200,1921,258,1606,688,573,5246
2012,Chandigarh,219,1600,282,1758,753,628,5240
2012,Dadra & Nagar Haveli,218,1983,280,1744,747,623,5595
2012,Lakshadweep,209,1598,269,1679,719,599,5073
2012,Delhi,2539,18324,3264,20313,8705,7254,60399
2012,Puducherry,197,1808,253,1578,676,563,5075
2012,Ladakh,216,1905,277,1728,740,617,5483
2012,Jammu & Kashmir,212,1613,273,1703,730,608,5139
2013,All India,43836,443420,56361,350692,150296,125247,1169852
2013,Andhra Pradesh,1657,13546,2131,13261,5683,4736,41014
2013,Arunachal Pradesh,214,1876,275,1716,735,612,5428
2013,Assam,225,1835,289,1801,772,643,5565
2013,Bihar,2206,20136,2837,17653,7565,6304,56701
2013,Chhattisgarh,224,2141,288,1794,769,640,5856
2013,Goa,207,2031,267,1663,712,594,5474
2013,Gujarat,1595,11252,2051,12764,5470,4558,37690
2013,Haryana,826,8063,1062,6610,2833,2360,21754
2013,Himachal Pradesh,210,2159,270,1683,721,601,5644
2013,Jharkhand,221,1836,284,1771,759,632,5503
2013,Karnataka,1651,15541,2123,13212,5662,4718,42907
2013,Kerala,3542,35032,4554,28336,12144,10120,93728
2013,Madhya Pradesh,3227,29496,4149,25819,11065,9221,82977
2013,Maharashtra,4499,43268,5785,35998,15428,12856,117834
2013,Manipur,194,1845,250,1559,668,556,5072
2013,Meghalaya,225,1976,290,1805,773,644,5713
2013,Mizoram,193,1453,249,1551,665,554,4665
2013,Nagaland,215,1641,277,1726,740,616,5215
2013,Odisha,207,1552,266,1657,710,591,4983
2013,Punjab,645,5922,830,5165,2213,1844,16619
2013,Rajasthan,2139,17654,2750,17115,7335,6112,53105
2013,Sikkim,216,1885,277,1729,741,617,5465
2013,Tamil Nadu,2585,23137,3324,20683,8864,7386,65979
2013,Telangana,194,1724,249,1554,666,555,4942
2013,Tripura,209,1618,269,1676,718,598,5088
2013,Uttar Pradesh,4835,39404,6217,38686,16579,13816,119537
2013,Uttarakhand,225,2050,289,1803,772,643,5782
2013,West Bengal,1738,16276,2234,13905,5959,4966,45078
2013,Andaman & Nicobar Islands,197,1688,253,1579,676,564,4957
2013,Chandigarh,217,1825,279,1737,744,620,5422
2013,Dadra & Nagar Haveli,223,2199,287,1791,767,639,5906
2013,Lakshadweep,218,2127,280,1745,748,623,5741
2013,Delhi,2709,27647,3483,21676,9290,7741,72546
2013,Puducherry,217,2141,279,1736,744,620,5737
2013,Ladakh,210,1945,271,1687,723,602,5438
2013,Jammu & Kashmir,220,1741,284,1767,757,631,5400
2014,All India,42101,330420,54129,336808,144346,120288,1028092
2014,Andhra Pradesh,1585,14908,2037,12680,5434,4528,41172
2014,Arunachal Pradesh,209,1768,269,1675,718,598,5237
2014,Assam,226,1584,291,1813,777,647,5338
2014,Bihar,2232,18530,2870,17860,7654,6378,55524
2014,Chhattisgarh,219,1686,282,1756,752,627,5322
2014,Goa,225,2158,290,1804,773,644,5894
2014,Gujarat,1684,13643,2166,13479,5777,4814,41563
2014,Haryana,828,7271,1064,6625,2839,2366,20993
2014,Himachal Pradesh,199,1713,255,1592,682,568,5009
2014,Jharkhand,223,2120,287,1790,767,639,5826
2014,Karnataka,1675,17209,2154,13407,5746,4788,44979
2014,Kerala,3465,23962,4456,27727,11883,9902,81395
2014,Madhya Pradesh,3620,31995,4655,28964,12413,10344,91991
2014,Maharashtra,3937,33533,5061,31496,13498,11248,98773
2014,Manipur,201,1740,259,1613,691,576,5080
2014,Meghalaya,202,1457,260,1617,693,577,4806
2014,Mizoram,195,2008,251,1565,670,558,5247
2014,Nagaland,214,1992,275,1713,734,612,5540
2014,Odisha,197,1625,253,1578,676,563,4892
2014,Punjab,610,4351,784,4881,2091,1743,14460
2014,Rajasthan,2149,18370,2763,17194,7369,6140,53985
2014,Sikkim,200,1882,258,1606,688,573,5207
2014,Tamil Nadu,2579,22056,3316,20636,8844,7370,64801
2014,Telangana,220,2072,283,1764,756,630,5725
2014,Tripura,226,1799,291,1812,776,647,5551
2014,Uttar Pradesh,5126,39737,6590,41009,17575,14646,124683
2014,Uttarakhand,199,1366,255,1592,682,568,4662
2014,West Bengal,1768,13027,2273,14145,6062,5051,42326
2014,Andaman & Nicobar Islands,205,1424,264,1644,704,587,4828
2014,Chandigarh,199,1709,256,1597,684,570,5015
2014,Dadra & Nagar Haveli,204,2032,263,1638,702,585,5424
2014,Lakshadweep,214,1725,275,1715,735,612,5276
2014,Delhi,2367,21129,3044,18942,8118,6765,60365
2014,Puducherry,219,1534,282,1759,754,628,5176
2014,Ladakh,223,2048,286,1784,764,637,5742
2014,Jammu & Kashmir,199,1652,256,1595,683,569,4954
2015,All India,44824,408041,57632,358599,153685,128071,1150852
2015,Andhra Pradesh,1795,18323,2308,14361,6154,5129,48070
2015,Arunachal Pradesh,230,1988,296,1844,790,658,5806
2015,Assam,226,2161,291,1812,776,647,5913
2015,Bihar,2107,18230,2710,16863,7227,6022,53159
2015,Chhattisgarh,223,2162,287,1787,765,638,5862
2015,Goa,223,2240,287,1789,766,639,5944
2015,Gujarat,1785,18143,2295,14281,6120,5100,47724
2015,Haryana,830,5940,1067,6644,2847,2373,19701
2015,Himachal Pradesh,207,1513,267,1663,712,594,4956
2015,Jharkhand,218,2128,281,1750,750,625,5752
2015,Karnataka,1763,15099,2267,14108,6046,5038,44321
2015,Kerala,3232,26145,4156,25862,11083,9236,79714
2015,Madhya Pradesh,3472,35368,4464,27778,11905,9921,92908
2015,Maharashtra,4379,44987,5630,35034,15014,12512,117556
2015,Manipur,210,1649,270,1684,721,601,5135
2015,Meghalaya,204,1484,263,1638,702,585,4876
2015,Mizoram,228,2240,293,1826,782,652,6021
2015,Nagaland,219,1526,281,1754,751,626,5157
2015,Odisha,223,1927,287,1790,767,639,5633
2015,Punjab,646,5526,831,5174,2217,1847,16241
2015,Rajasthan,2054,21109,2641,16433,7043,5869,55149
2015,Sikkim,227,1732,292,1817,778,649,5495
2015,Tamil Nadu,2695,22530,3465,21561,9240,7700,67191
2015,Telangana,223,1920,287,1791,767,639,5627
2015,Tripura,198,1386,254,1585,679,566,4668
2015,Uttar Pradesh,5358,45439,6890,42871,18373,15311,134242
2015,Uttarakhand,215,2024,276,1721,737,614,5587
2015,West Bengal,1808,15148,2325,14468,6200,5167,45116
2015,Andaman & Nicobar Islands,208,2076,268,1668,714,595,5529
2015,Chandigarh,209,1549,268,1673,717,597,5013
2015,Dadra & Nagar Haveli,213,1616,274,1708,732,610,5153
2015,Lakshadweep,207,1490,266,1660,711,593,4927
2015,Delhi,2618,21319,3366,20946,8976,7480,64705
2015,Puducherry,231,2196,297,1848,792,660,6024
2015,Ladakh,201,1844,259,1611,690,575,5180
2015,Jammu & Kashmir,200,2052,258,1605,688,573,5376
2016,All India,45697,352053,58754,365582,156678,130565,1109329
2016,Andhra Pradesh,1606,12108,2065,12854,5508,4590,38731
2016,Arunachal Pradesh,234,1838,301,1874,803,669,5719
2016,Assam,221,2009,284,1771,759,632,5676
2016,Bihar,2259,15932,2905,18077,7747,6456,53376
2016,Chhattisgarh,227,2335,292,1822,780,650,6106
2016,Goa,229,2185,295,1835,786,655,5985
2016,Gujarat,1756,17503,2258,14051,6022,5018,46608
2016,Haryana,896,7715,1152,7169,3072,2560,22564
2016,Himachal Pradesh,200,1611,257,1603,687,572,4930
2016,Jharkhand,217,1624,279,1736,744,620,5220
2016,Karnataka,1648,14501,2120,13191,5653,4711,41824
2016,Kerala,3248,23647,4176,25987,11137,9281,77476
2016,Madhya Pradesh,3225,24988,4146,25803,11058,9215,78435
2016,Maharashtra,4452,31871,5724,35619,15265,12721,105652
2016,Manipur,206,2053,265,1652,708,590,5474
2016,Meghalaya,223,2284,287,1789,767,639,5989
2016,Mizoram,204,1739,263,1639,702,585,5132
2016,Nagaland,213,1582,274,1706,731,609,5115
2016,Odisha,204,1926,262,1636,701,584,5313
2016,Punjab,614,4290,790,4918,2107,1756,14475
2016,Rajasthan,2337,22600,3005,18699,8013,6678,61332
2016,Sikkim,227,1640,292,1819,779,649,5406
2016,Tamil Nadu,2439,22075,3136,19518,8365,6971,62504
2016,Telangana,228,1602,294,1830,784,653,5391
2016,Tripura,232,1676,298,1858,796,663,5523
2016,Uttar Pradesh,4804,38072,6177,38439,16474,13728,117694
2016,Uttarakhand,214,1774,276,1718,736,613,5331
2016,West Bengal,1709,15226,2197,13673,5860,4883,43548
2016,Andaman & Nicobar Islands,205,2110,264,1643,704,586,5512
2016,Chandigarh,217,1581,279,1737,744,620,5178
2016,Dadra & Nagar Haveli,222,1724,285,1777,761,634,5403
2016,Lakshadweep,208,2047,268,1670,715,596,5504
2016,Delhi,2581,23470,3318,20649,8849,7374,66241
2016,Puducherry,221,2130,284,1768,757,631,5791
2016,Ladakh,220,1614,283,1763,755,629,5264
2016,Jammu & Kashmir,204,1489,262,1635,700,584,4874
2017,All India,47285,431130,60796,378286,162122,135102,1214721
2017,Andhra Pradesh,1721,15794,2213,13773,5902,4918,44321
2017,Arunachal Pradesh,211,1840,271,1688,723,602,5335
2017,Assam,228,1661,293,1828,783,652,5445
2017,Bihar,2248,20713,2890,17985,7708,6423,57967
2017,Chhattisgarh,219,1870,282,1758,753,627,5509
2017,Goa,225,1987,289,1802,772,643,5718
2017,Gujarat,1625,15805,2089,13003,5572,4644,42738
2017,Haryana,944,7861,1214,7557,3238,2699,23513
2017,Himachal Pradesh,216,1586,278,1731,742,618,5171
2017,Jharkhand,207,1530,266,1661,711,593,4968
2017,Karnataka,1748,15695,2247,13984,5993,4994,44661
2017,Kerala,3656,37321,4700,29248,12534,10445,97904
2017,Madhya Pradesh,3768,35217,4845,30151,12921,10768,97670
2017,Maharashtra,4043,30927,5198,32348,13863,11553,97932
2017,Manipur,204,1834,263,1638,702,585,5226
2017,Meghalaya,205,1902,263,1641,703,586,5300
2017,Mizoram,215,1564,276,1722,738,615,5130
2017,Nagaland,228,1646,293,1828,783,653,5431
2017,Odisha,202,1511,260,1622,695,579,4869
2017,Punjab,667,5141,857,5338,2287,1906,16196
2017,Rajasthan,2352,16252,3024,18821,8066,6721,55236
2017,Sikkim,237,2065,304,1896,812,677,5991
2017,Tamil Nadu,2586,24114,3324,20688,8866,7388,66966
2017,Telangana,205,2000,264,1642,704,586,5401
2017,Tripura,227,2048,292,1818,779,649,5813
2017,Uttar Pradesh,4994,37678,6421,39954,17123,14269,120439
2017,Uttarakhand,221,1878,285,1774,760,633,5551
2017,West Bengal,1712,12510,2201,13697,5870,4891,40881
2017,Andaman & Nicobar Islands,217,2065,279,1741,746,622,5670
2017,Chandigarh,208,1967,268,1671,716,596,5426
2017,Dadra & Nagar Haveli,234,1685,300,1872,802,668,5561
2017,Lakshadweep,221,2231,285,1774,760,633,5904
2017,Delhi,2642,24488,3397,21140,9060,7550,68277
2017,Puducherry,210,1911,270,1685,722,601,5399
2017,Ladakh,226,1806,291,1814,777,647,5561
2017,Jammu & Kashmir,207,1543,266,1659,711,592,4978
2018,All India,45599,384675,58628,364796,156341,130284,1140323
2018,Andhra Pradesh,1847,18437,2375,14782,6335,5279,49055
2018,Arunachal Pradesh,233,2388,300,1867,800,667,6255
2018,Assam,211,1527,271,1690,724,603,5026
2018,Bihar,2341,18613,3010,18731,8027,6689,57411
2018,Chhattisgarh,228,1910,294,1830,784,653,5699
2018,Goa,225,2111,290,1806,774,645,5851
2018,Gujarat,1659,14088,2133,13274,5688,4740,41582
2018,Haryana,850,7745,1092,6800,2914,2428,21829
2018,Himachal Pradesh,234,1955,301,1877,804,670,5841
2018,Jharkhand,228,1633,293,1824,782,651,5411
2018,Karnataka,1742,13104,2240,13942,5975,4979,41982
2018,Kerala,3641,26831,4682,29132,12485,10404,87175
2018,Madhya Pradesh,3360,33674,4320,26883,11521,9601,89359
2018,Maharashtra,4136,37637,5318,33094,14183,11819,106187
2018,Manipur,222,2277,286,1783,764,637,5969
2018,Meghalaya,212,1697,273,1699,728,606,5215
2018,Mizoram,222,2046,286,1783,764,636,5737
2018,Nagaland,214,1855,275,1713,734,612,5403
2018,Odisha,237,2369,305,1899,813,678,6301
2018,Punjab,688,6137,885,5507,2360,1966,17543
2018,Rajasthan,2086,16890,2682,16692,7153,5961,51464
2018,Sikkim,216,1503,278,1731,741,618,5087
2018,Tamil Nadu,2576,26403,3312,20610,8832,7360,69093
2018,Telangana,218,1714,281,1751,750,625,5339
2018,Tripura,210,1551,271,1686,722,602,5042
2018,Uttar Pradesh,5281,47098,6790,42250,18107,15089,134615
2018,Uttarakhand,209,1724,268,1673,717,597,5188
2018,West Bengal,1774,17873,2281,14193,6082,5068,47271
2018,Andaman & Nicobar Islands,232,2194,299,1861,797,664,6047
2018,Chandigarh,225,2043,290,1807,774,645,5784
2018,Dadra & Nagar Haveli,215,2171,276,1720,737,614,5733
2018,Lakshadweep,229,1631,294,1834,786,655,5429
2018,Delhi,2868,24819,3687,22946,9834,8195,72349
2018,Puducherry,233,1639,300,1869,801,667,5509
2018,Ladakh,239,1711,307,1914,820,683,5674
2018,Jammu & Kashmir,207,1433,267,1663,712,593,4875
2019,All India,43583,362674,56035,348666,149428,124523,1084909
2019,Andhra Pradesh,1832,16530,2356,14661,6283,5236,46898
2019,Arunachal Pradesh,238,2437,306,1908,817,681,6387
2019,Assam,218,1849,280,1746,748,623,5464
2019,Bihar,2162,15281,2780,17299,7414,6178,51114
2019,Chhattisgarh,217,1857,279,1737,744,620,5454
2019,Goa,210,2157,270,1683,721,601,5642
2019,Gujarat,1767,17354,2273,14143,6061,5051,46649
2019,Haryana,899,8801,1155,7192,3082,2568,23697
2019,Himachal Pradesh,234,1638,301,1875,803,669,5520
2019,Jharkhand,219,1715,281,1753,751,626,5345
2019,Karnataka,1690,15596,2173,13522,5795,4829,43605
2019,Kerala,3428,28665,4408,27429,11755,9796,85481
2019,Madhya Pradesh,3427,33738,4407,27421,11752,9793,90538
2019,Maharashtra,4627,47332,5949,37019,15865,13221,124013
2019,Manipur,213,2166,275,1711,733,611,5709
2019,Meghalaya,233,2227,300,1871,802,668,6101
2019,Mizoram,235,2200,303,1887,808,674,6107
2019,Nagaland,212,1853,273,1698,728,606,5370
2019,Odisha,206,1521,266,1655,709,591,4948
2019,Punjab,688,5122,885,5509,2361,1967,16532
2019,Rajasthan,2284,22411,2937,18278,7833,6528,60271
2019,Sikkim,221,1833,285,1774,760,633,5506
2019,Tamil Nadu,2671,25227,3435,21374,9160,7633,69500
2019,Telangana,222,1917,286,1781,763,636,5605
2019,Tripura,229,2207,294,1832,785,654,6001
2019,Uttar Pradesh,5040,45264,6481,40327,17283,14402,128797
2019,Uttarakhand,226,2061,291,1814,777,647,5816
2019,West Bengal,1676,14047,2155,13410,5747,4789,41824
2019,Andaman & Nicobar Islands,224,1664,288,1792,768,640,5376
2019,Chandigarh,209,2120,269,1676,718,598,5590
2019,Dadra & Nagar Haveli,210,1923,270,1683,721,601,5408
2019,Lakshadweep,208,1679,268,1669,715,596,5135
2019,Delhi,2546,22417,3274,20375,8732,7276,64620
2019,Puducherry,236,1992,303,1890,810,675,5906
2019,Ladakh,213,2157,274,1710,733,611,5698
2019,Jammu & Kashmir,206,2094,266,1655,709,591,5521
2020,All India,46607,348502,59923,372858,159796,133163,1120849
2020,Andhra Pradesh,1915,13815,2462,15321,6566,5472,45551
2020,Arunachal Pradesh,239,2447,308,1919,822,685,6420
2020,Assam,218,1708,281,1750,750,625,5332
2020,Bihar,2305,20711,2964,18445,7905,6587,58917
2020,Chhattisgarh,229,2212,295,1838,788,656,6018
2020,Goa,221,2262,284,1768,758,631,5924
2020,Gujarat,1931,16922,2483,15452,6622,5518,48928
2020,Haryana,888,7238,1142,7111,3047,2539,21965
2020,Himachal Pradesh,242,2187,312,1943,832,693,6209
2020,Jharkhand,211,2080,271,1691,724,604,5581
2020,Karnataka,1785,17095,2296,14286,6122,5102,46686
2020,Kerala,3757,26338,4830,30057,12881,10734,88597
2020,Madhya Pradesh,3923,37303,5044,31385,13450,11209,102314
2020,Maharashtra,4487,34554,5769,35901,15386,12822,108919
2020,Manipur,219,1960,281,1753,751,626,5590
2020,Meghalaya,216,1698,278,1733,742,618,5285
2020,Mizoram,237,1938,305,1898,813,677,5868
2020,Nagaland,238,1901,306,1907,817,681,5850
2020,Odisha,226,1652,291,1811,776,647,5403
2020,Punjab,648,4597,833,5188,2223,1852,15341
2020,Rajasthan,2207,15472,2838,17662,7569,6307,52055
2020,Sikkim,237,1905,304,1896,812,677,5831
2020,Tamil Nadu,2650,21193,3408,21205,9088,7573,65117
2020,Telangana,219,1783,282,1759,753,628,5424
2020,Tripura,210,1822,270,1682,720,600,5304
2020,Uttar Pradesh,5498,38576,7069,43985,18850,15709,129687
2020,Uttarakhand,236,1859,303,1888,809,674,5769
2020,West Bengal,1833,18058,2357,14667,6285,5238,48438
2020,Andaman & Nicobar Islands,221,1817,284,1770,758,632,5482
2020,Chandigarh,214,2186,275,1712,733,611,5731
2020,Dadra & Nagar Haveli,223,1833,286,1785,765,637,5529
2020,Lakshadweep,209,1661,269,1679,719,599,5136
2020,Delhi,2595,25503,3336,20762,8898,7415,68509
2020,Puducherry,210,1706,270,1685,722,602,5195
2020,Ladakh,227,1875,292,1818,779,649,5640
2020,Jammu & Kashmir,227,2056,292,1822,780,650,5827
2021,All India,45882,359083,58992,367061,157312,131093,1119423
2021,Andhra Pradesh,1957,19978,2517,15661,6712,5593,52418
2021,Arunachal Pradesh,221,1901,284,1772,759,632,5569
2021,Assam,241,2387,310,1929,826,688,6381
2021,Bihar,2149,17233,2763,17193,7368,6140,52846
2021,Chhattisgarh,244,2505,314,1956,838,698,6555
2021,Goa,229,1614,294,1833,785,654,5409
2021,Gujarat,1986,18133,2554,15895,6812,5676,51056
2021,Haryana,948,9704,1219,7589,3252,2710,25422
2021,Himachal Pradesh,221,1902,284,1769,758,632,5566
2021,Jharkhand,214,2200,275,1714,734,612,5749
2021,Karnataka,1900,14210,2442,15200,6514,5428,45694
2021,Kerala,3912,33773,5030,31298,13413,11177,98603
2021,Madhya Pradesh,3954,30895,5083,31632,13556,11297,96417
2021,Maharashtra,4848,40382,6233,38786,16622,13852,120723
2021,Manipur,223,2101,287,1789,766,639,5805
2021,Meghalaya,241,2217,310,1933,828,690,6219
2021,Mizoram,211,1770,272,1695,726,605,5279
2021,Nagaland,236,2041,304,1893,811,676,5961
2021,Odisha,214,1657,275,1713,734,612,5205
2021,Punjab,665,6319,855,5325,2282,1902,17348
2021,Rajasthan,2237,19928,2876,17901,7671,6393,57006
2021,Sikkim,241,2432,309,1928,826,688,6424
2021,Tamil Nadu,2917,26629,3750,23337,10001,8334,74968
2021,Telangana,242,1754,311,1940,831,692,5770
2021,Tripura,233,2193,300,1869,801,667,6063
2021,Uttar Pradesh,5088,44131,6542,40706,17445,14538,128450
2021,Uttarakhand,226,2045,291,1813,777,647,5799
2021,West Bengal,1828,15648,2350,14627,6269,5224,45946
2021,Andaman & Nicobar Islands,228,1798,293,1826,782,652,5579
2021,Chandigarh,230,2272,296,1844,790,658,6090
2021,Dadra & Nagar Haveli,229,2054,294,1833,785,654,5849
2021,Lakshadweep,221,1759,284,1773,759,633,5429
2021,Delhi,2634,25025,3387,21076,9032,7527,68681
2021,Puducherry,247,2248,318,1982,849,707,6351
2021,Ladakh,225,1766,289,1800,771,642,5493
2021,Jammu & Kashmir,243,1676,313,1948,835,696,5711
2022,All India,46377,429247,59628,371020,159008,132507,1197787
2022,Andhra Pradesh,1984,17618,2552,15879,6805,5671,50509
2022,Arunachal Pradesh,234,1971,300,1872,802,668,5847
2022,Assam,217,1783,279,1737,744,620,5380
2022,Bihar,2222,20044,2857,17781,7620,6350,56874
2022,Chhattisgarh,225,2118,290,1806,774,645,5858
2022,Goa,226,1840,291,1815,778,648,5598
2022,Gujarat,1934,19058,2487,15475,6632,5526,51112
2022,Haryana,919,8820,1182,7358,3153,2627,24059
2022,Himachal Pradesh,247,1834,318,1979,848,707,5933
2022,Jharkhand,247,2525,317,1976,846,705,6616
2022,Karnataka,1976,17074,2540,15808,6775,5645,49818
2022,Kerala,3958,37108,5089,31669,13572,11310,102706
2022,Madhya Pradesh,3619,34564,4653,28955,12409,10341,94541
2022,Maharashtra,4651,34258,5980,37209,15946,13289,111333
2022,Manipur,224,1719,288,1793,768,640,5432
2022,Meghalaya,237,1787,305,1903,815,679,5726
2022,Mizoram,234,2150,302,1879,805,671,6041
2022,Nagaland,248,2297,319,1986,851,709,6410
2022,Odisha,237,1709,305,1899,814,678,5642
2022,Punjab,713,6569,916,5705,2445,2037,18385
2022,Rajasthan,2191,21016,2818,17534,7514,6262,57335
2022,Sikkim,214,1673,275,1716,735,612,5225
2022,Tamil Nadu,2837,23933,3648,22700,9728,8107,70953
2022,Telangana,249,2266,320,1992,854,711,6392
2022,Tripura,244,2212,313,1952,836,697,6254
2022,Uttar Pradesh,5215,48351,6706,41727,17883,14902,134784
2022,Uttarakhand,217,1578,279,1742,746,622,5184
2022,West Bengal,1813,18466,2331,14509,6218,5181,48518
2022,Andaman & Nicobar Islands,219,2041,282,1757,753,627,5679
2022,Chandigarh,250,2468,321,2002,858,715,6614
2022,Dadra & Nagar Haveli,228,2262,294,1830,784,653,6051
2022,Lakshadweep,240,1918,309,1924,824,687,5902
2022,Delhi,2756,20869,3543,22049,9449,7874,66540
2022,Puducherry,216,2113,277,1729,741,617,5693
2022,Ladakh,243,1874,312,1946,834,695,5904
2022,Jammu & Kashmir,250,2338,322,2005,859,716,6490
2023,All India,49699,400185,63899,397595,170398,141998,1223774
2023,Andhra Pradesh,2003,19008,2576,16029,6869,5724,52209
2023,Arunachal Pradesh,222,2035,286,1783,764,636,5726
2023,Assam,242,2201,312,1942,832,693,6222
2023,Bihar,2245,17393,2887,17963,7698,6415,54601
2023,Chhattisgarh,247,2314,318,1980,848,707,6414
2023,Goa,225,1792,290,1804,773,644,5528
2023,Gujarat,1924,19003,2473,15392,6596,5497,50885
2023,Haryana,973,6743,1251,7785,3336,2780,22868
2023,Himachal Pradesh,225,2275,289,1800,771,642,6002
2023,Jharkhand,238,1939,306,1906,817,680,5886
2023,Karnataka,1744,16497,2242,13954,5980,4983,45400
2023,Kerala,4012,37012,5158,32096,13755,11462,103495
2023,Madhya Pradesh,3574,31611,4596,28599,12256,10214,90850
2023,Maharashtra,4357,42634,5602,34861,14940,12450,114844
2023,Manipur,235,2063,302,1884,807,673,5964
2023,Meghalaya,224,1687,288,1796,769,641,5405
2023,Mizoram,228,1617,293,1825,782,652,5397
2023,Nagaland,226,1839,290,1809,775,646,5585
2023,Odisha,227,2336,292,1817,779,649,6100
2023,Punjab,720,5336,926,5766,2471,2059,17278
2023,Rajasthan,2334,20676,3001,18678,8004,6670,59363
2023,Sikkim,228,2299,293,1828,783,653,6084
2023,Tamil Nadu,2899,25135,3727,23193,9940,8283,73177
2023,Telangana,247,2060,317,1978,847,706,6155
2023,Tripura,249,2030,321,1997,856,713,6166
2023,Uttar Pradesh,5530,41571,7111,44247,18963,15802,133224
2023,Uttarakhand,228,1567,293,1825,782,652,5347
2023,West Bengal,1821,18652,2342,14575,6246,5205,48841
2023,Andaman & Nicobar Islands,220,1633,283,1762,755,629,5282
2023,Chandigarh,241,1967,310,1931,827,689,5965
2023,Dadra & Nagar Haveli,246,2373,316,1971,844,704,6454
2023,Lakshadweep,247,1699,317,1976,847,706,5792
2023,Delhi,2913,29627,3745,23308,9989,8324,77906
2023,Puducherry,246,1804,317,1975,846,705,5893
2023,Ladakh,254,2089,326,2032,870,725,6296
2023,Jammu & Kashmir,243,2269,312,1947,834,695,6300
